course_id,title,Organization,subject,subject_normalized
course_005cfd05f82f54ff,Camera and Imaging,Columbia University,Computer Science,computer science
course_00ba2ec6d4cb444c,Finance for Non-Financial Managers,Emory University,Business,business
course_01103b1899d85778,Sustainable Fashion,Copenhagen Business School,Business,business
course_01b1e028506ae566,"UX Research at Scale: Surveys, Analytics, Online Testing",University of Michigan,Computer Science,computer science
course_01c93b6ed28fed0f,Introduction to Scrum Master Training,LearnQuest,Computer Science,computer science
course_01ddfdba2dc58431,Employment Contracts,University of Pennsylvania,Business,business
course_01e102d4bb28bcfa,Version Control with Git,Atlassian,Computer Science,computer science
course_01e8b58ba428a538,U.S. Taxation of International Transactions,University of Illinois Urbana-Champaign,Business,business
course_01ec0ab5780a8fcb,AI For Medical Treatment,DeepLearning.AI,Data Science,data science
course_01ec0ab5780a8fcb,AI For Medical Treatment,DeepLearning.AI,Information Technology,information technology
course_025aefa339c88884,Getting Started with Data Analytics on AWS,Amazon Web Services,Data Science,data science
course_025aefa339c88884,Getting Started with Data Analytics on AWS,Amazon Web Services,Information Technology,information technology
course_026dc149715bf5ea,"Build Regression, Classification, and Clustering Models",CertNexus,Data Science,data science
course_02a00d70047855e7,API Development on Google Cloud's Apigee API Platform,Google Cloud,Computer Science,computer science
course_02aeaedcb2803362,Startup Valuation Methods,Duke University,Business,business
course_02b567290687e356,Data Visualization with R,IBM,Data Science,data science
course_02b567290687e356,Data Visualization with R,IBM,Information Technology,information technology
course_02cf0c7f54553a3d,Bioconductor for Genomic Data Science,Johns Hopkins University,Data Science,data science
course_02cf0c7f54553a3d,Bioconductor for Genomic Data Science,Johns Hopkins University,Information Technology,information technology
course_030c41d2ac009205,Data Structures & Backend with Java,Board Infinity,Computer Science,computer science
course_0359ef0073dff7ed,High-Impact Business Writing,"University of California, Irvine",Business,business
course_03737af1d2b89651,Organizational Behavior: How to Manage People,IESE Business School,Business,business
course_0378649c50d3884a,Inspiring Peak Performance on Technical Teams,Advancing Women in Tech,Computer Science,computer science
course_03975b381f1379cb,Solve Business Problems with AI and Machine Learning,CertNexus,Data Science,data science
course_03975b381f1379cb,Solve Business Problems with AI and Machine Learning,CertNexus,Information Technology,information technology
course_03e685a20beec052,Ask Questions to Make Data-Driven Decisions,Google,Data Science,data science
course_03e685a20beec052,Ask Questions to Make Data-Driven Decisions,Google,Information Technology,information technology
course_03fe2e4bf64f84fd,Optimization Methods in Asset Management,Columbia University,Business,business
course_04045a8ecd49f8e6,Advanced Business Strategy,University of Virginia,Business,business
course_041ff96a1c91d1bd,Reviews & Metrics for Software Improvements,University of Alberta,Computer Science,computer science
course_0423f425e0b661b7,Term-Structure and Credit Derivatives,Columbia University,Business,business
course_047928224f883238,Project Initiation: Starting a Successful Project,Google,Business,business
course_04b20bef06c44804,Introduction to Concurrent Programming with GPUs,Johns Hopkins University,Computer Science,computer science
course_051d2e5c73ab3aac,Product Analytics and AI,University of Virginia,Computer Science,computer science
course_05bf720369737875,Social Media Management,Meta,Business,business
course_05c3b7b5707dd65e,Advanced Data Visualization with R,Johns Hopkins University,Data Science,data science
course_05c3b7b5707dd65e,Advanced Data Visualization with R,Johns Hopkins University,Information Technology,information technology
course_05e6c1e3ac388bec,Introduction to Data Analytics for Business,University of Colorado Boulder,Data Science,data science
course_05e6c1e3ac388bec,Introduction to Data Analytics for Business,University of Colorado Boulder,Information Technology,information technology
course_05ecc8ff64525866,Unreal Engine Fundamentals,Epic Games,Computer Science,computer science
course_05f3b30dda8a4b1a,Unordered Data Structures,University of Illinois Urbana-Champaign,Computer Science,computer science
course_0609b4234ba842f4,Deploying Machine Learning Models,University of California San Diego,Data Science,data science
course_0637e0567c41419a,Negotiation  Fundamentals,ESSEC Business School,Business,business
course_0638bf5af7a2e16b,The Total Data Quality Framework,University of Michigan,Data Science,data science
course_0638bf5af7a2e16b,The Total Data Quality Framework,University of Michigan,Information Technology,information technology
course_068a6286ab41412e,Cloud Computing Concepts: Part 2,University of Illinois Urbana-Champaign,Computer Science,computer science
course_06a8f93b9729cd11,Data Manipulation at Scale: Systems and Algorithms,University of Washington,Data Science,data science
course_06c403d67a735e54,Applied Social Network Analysis in Python,University of Michigan,Data Science,data science
course_06c403d67a735e54,Applied Social Network Analysis in Python,University of Michigan,Information Technology,information technology
course_06cfd695d90784f8,Managerial Accounting Fundamentals,University of Virginia,Business,business
course_0700edd0d1c4346b,"Data Ingestion, Exploration & Visualization in Qlik Sense",Coursera Instructor Network,Data Science,data science
course_0700edd0d1c4346b,"Data Ingestion, Exploration & Visualization in Qlik Sense",Coursera Instructor Network,Information Technology,information technology
course_071b4f9177fedb7b,Information Technology (IT) Fundamentals for Everyone,IBM,Computer Science,computer science
course_072c46ff788c444d,Doing More with SAS Programming,SAS,Data Science,data science
course_072c46ff788c444d,Doing More with SAS Programming,SAS,Information Technology,information technology
course_07708e5595009c1a,How To Create a Website in a Weekend! (Project-Centered Course),The State University of New York,Computer Science,computer science
course_078f2932f917ac5b,Organization Planning and Development for the 6 σ Black Belt,Kennesaw State University,Business,business
course_07b40f9c9f9466ab,Google Advanced Data Analytics Capstone,Google,Data Science,data science
course_07b40f9c9f9466ab,Google Advanced Data Analytics Capstone,Google,Information Technology,information technology
course_07e8a615eb6d80ca,Successful Negotiation: Essential Strategies and Skills,University of Michigan,Business,business
course_083e53923fa3d0ce,Deep Learning Applications for Computer Vision,University of Colorado Boulder,Data Science,data science
course_083e53923fa3d0ce,Deep Learning Applications for Computer Vision,University of Colorado Boulder,Information Technology,information technology
course_084ebfb2126875b7,Introduction to Data Visualization in Qlik Sense,Coursera Instructor Network,Data Science,data science
course_084f18743e05a947,Sound the Alarm: Detection and Response,Google,Computer Science,computer science
course_085179f81484b736,Data Visualization,Ball State University,Data Science,data science
course_085179f81484b736,Data Visualization,Ball State University,Information Technology,information technology
course_088cd0c22b019476,Accounting for Decision Making,University of Michigan,Business,business
course_0905ec20f1c0c028,Unsupervised Algorithms in Machine Learning,University of Colorado Boulder,Data Science,data science
course_0905ec20f1c0c028,Unsupervised Algorithms in Machine Learning,University of Colorado Boulder,Information Technology,information technology
course_0908a5bd3a9c7301,Data Mining Project,University of Colorado Boulder,Data Science,data science
course_0908a5bd3a9c7301,Data Mining Project,University of Colorado Boulder,Information Technology,information technology
course_091b988910c59f85,Llama for Python Programmers,University of Michigan,Computer Science,computer science
course_0928f6af1423af4d,Project Valuation and the Capital Budgeting Process,University of Colorado Boulder,Business,business
course_0932c4752f7d40c1,Working with Data in iOS,Meta,Computer Science,computer science
course_099e3b242f27cd42,Machine Learning Capstone,IBM,Data Science,data science
course_099e3b242f27cd42,Machine Learning Capstone,IBM,Information Technology,information technology
course_09a90fd3f2fe6451,Working with Data,Meta,Computer Science,computer science
course_09c9dc8b88874e69,Deep Learning with Keras and Tensorflow,IBM,Data Science,data science
course_09c9dc8b88874e69,Deep Learning with Keras and Tensorflow,IBM,Information Technology,information technology
course_0a135c0e89b06fcb,Build Dynamic User Interfaces (UI) for Websites,Google,Computer Science,computer science
course_0a8632d7f88e4958,European Business Law: Understanding the Fundamentals,Lund University,Business,business
course_0aa6fb7bae88ce68,"High Performance Collaboration: Leadership, Teamwork, and Negotiation",Northwestern University,Business,business
course_0abd20571ae82c62,Risk governance: Manage the risks,Macquarie University,Business,business
course_0b23b34600320458,Go Beyond the Numbers: Translate Data into Insights,Google,Data Science,data science
course_0b23b34600320458,Go Beyond the Numbers: Translate Data into Insights,Google,Information Technology,information technology
course_0b3dcb23d30b94f7,"Generative AI for Kids, Parents, and Teachers",Vanderbilt University,Data Science,data science
course_0b556bb1036e82a1,Fundamentals of UI/UX Design,Microsoft,Computer Science,computer science
course_0b6144a6c495875f,Python Data Representations,Rice University,Computer Science,computer science
course_0b682f6e7bc0a88c,Privacy Law and HIPAA,University of Pennsylvania,Business,business
course_0b73cb4c1e13cf77,The Payroll Cycle,"Automatic Data Processing, Inc. (ADP)",Business,business
course_0b78b99fff437037,Capstone (React App),Meta,Computer Science,computer science
course_0b82611973bc215a,Workday Basics Series,Workday,Business,business
course_0ba552d1c1b0a2b8,DevOps Culture and Mindset,"University of California, Davis",Computer Science,computer science
course_0ba6d529f43a36b7,Prediction Models with Sports Data,University of Michigan,Data Science,data science
course_0ba6d529f43a36b7,Prediction Models with Sports Data,University of Michigan,Information Technology,information technology
course_0bc4d6578eb50b8a,"Excel/VBA for Creative Problem Solving, Part 3 (Projects)",University of Colorado Boulder,Computer Science,computer science
course_0be55aa4d865418d,Algorithms on Graphs,University of California San Diego,Computer Science,computer science
course_0c36f9eaf12c1fce,Coding the Static Restaurant Site,Johns Hopkins University,Computer Science,computer science
course_0c4011d673279a2c,Principles of Accounts Payable and Receivable Management,Tally Education and Distribution Services Private Limited,Business,business
course_0c4c185a0768bbc6,Nearest Neighbor Collaborative Filtering,University of Minnesota,Data Science,data science
course_0c4c185a0768bbc6,Nearest Neighbor Collaborative Filtering,University of Minnesota,Information Technology,information technology
course_0c8abe8f7d49f409,Advanced Programming in Swift,Meta,Computer Science,computer science
course_0c967b1f52e08416,Excel Power Tools for Data Analysis,Macquarie University,Business,business
course_0d1a4ab3075076c7,Derivatives - Options & Futures,Interactive Brokers,Business,business
course_0d4c7d8cda2886f4,Introduction to UI Design,University of Minnesota,Computer Science,computer science
course_0d6c417f9fa15b4e,Introduction to Data Science and scikit-learn in Python,LearnQuest,Data Science,data science
course_0d6c417f9fa15b4e,Introduction to Data Science and scikit-learn in Python,LearnQuest,Information Technology,information technology
course_0d86743237b5ba07,Introduction to Big Data,University of California San Diego,Data Science,data science
course_0d86743237b5ba07,Introduction to Big Data,University of California San Diego,Information Technology,information technology
course_0d90887ba84a376c,Transacting on the Blockchain,INSEAD,Business,business
course_0d9689f863ebf54a,Introduction to Game Design,Epic Games,Computer Science,computer science
course_0da47d9f9eadda49,Managing an Agile Team,University of Virginia,Computer Science,computer science
course_0df300a175cafb18,Introduction to Blockchain for Financial Services,INSEAD,Computer Science,computer science
course_0e05487f8782f509,AI and Climate Change,DeepLearning.AI,Data Science,data science
course_0e05487f8782f509,AI and Climate Change,DeepLearning.AI,Information Technology,information technology
course_0e1dd6290712aa85,Advanced Financial Reporting: Accounting for Business Combinations and Preparation of Consolidated Financial Statements,University of Illinois Urbana-Champaign,Business,business
course_0e32508856530115,Programming Fundamentals,Duke University,Computer Science,computer science
course_0e38557198103eaf,Data Visualization for Genome Biology,University of Toronto,Data Science,data science
course_0e38557198103eaf,Data Visualization for Genome Biology,University of Toronto,Information Technology,information technology
course_0e4d6aec6d74b16a,"Big Data, Artificial Intelligence, and Ethics","University of California, Davis",Data Science,data science
course_0e4d6aec6d74b16a,"Big Data, Artificial Intelligence, and Ethics","University of California, Davis",Information Technology,information technology
course_0e875cd8fb9d5cc6,Design Thinking for Data Professionals,Fractal Analytics,Data Science,data science
course_0ec0f8be2359973b,Project Planning and Execution,University of Colorado Boulder,Business,business
course_0f1f48845bba7b55,"Developing AR/VR/MR/XR Apps with WebXR, Unity & Unreal",University of Michigan,Computer Science,computer science
course_0f2cdb14f84b3ede,Practice Exam for CompTIA ITF+ Certification,IBM,Computer Science,computer science
course_0f61a7bef8b727fd,Excel Skills for Business: Intermediate II,Macquarie University,Business,business
course_0f713adea66b066d,"Functions, Methods, and Interfaces in Go","University of California, Irvine",Computer Science,computer science
course_0f7a1981d8780f68,Backend Development using ASP.Net,Board Infinity,Computer Science,computer science
course_0febe5405561230f,"Intro to Snowflake for Devs, Data Scientists, Data Engineers",Snowflake,Computer Science,computer science
course_0fee9d883a6de2e5,The Full Stack,Meta,Computer Science,computer science
course_106b88ae2afbdaa8,AI Materials,Korea Advanced Institute of Science and Technology(KAIST),Computer Science,computer science
course_10d721d5d20585a5,The Science of Success: What Researchers Know that You Should Know,University of Michigan,Business,business
course_10dd2e4fad484c13,GenAI for Everyone,Coursera Instructor Network,Data Science,data science
course_11090e8f046f73cd,Foundations of User Experience (UX) Design,Google,Computer Science,computer science
course_117ae18558f913d3,"Auditing Generative AI: Strategy, Analysis & Risk Mitigation",ISACA,Data Science,data science
course_117ae18558f913d3,"Auditing Generative AI: Strategy, Analysis & Risk Mitigation",ISACA,Information Technology,information technology
course_1185cfdfb96d4e4a,Predictive Modeling and Machine Learning with MATLAB,MathWorks,Data Science,data science
course_1185cfdfb96d4e4a,Predictive Modeling and Machine Learning with MATLAB,MathWorks,Information Technology,information technology
course_11b46262cc1420ed,Data Science as a Field,University of Colorado Boulder,Data Science,data science
course_11c6c6b92843247c,Intro to Dall-E and GPT Vision,Scrimba,Computer Science,computer science
course_11e67fcad397f57f,Functional Programming in Scala Capstone,École Polytechnique Fédérale de Lausanne,Data Science,data science
course_12225349c425d297,LangChain: Application Development Essentials,Coursera Instructor Network,Data Science,data science
course_1249ba590b32cd1e,Game Design and Development 1: 2D Shooter,Michigan State University,Computer Science,computer science
course_1258cf8ccb8deaca,"Recruiting, Hiring, and Onboarding Employees",University of Minnesota,Business,business
course_1263c149e1f36342,Advanced R Programming,Johns Hopkins University,Data Science,data science
course_12650c37f3e2b1bf,C Programming: Modular Programming and Memory Management - 3,Dartmouth College,Computer Science,computer science
course_127bba4166a0e5aa,Wharton Business Foundations Capstone,University of Pennsylvania,Business,business
course_12f1cf95888287e9,Introduction to Data Analytics,Meta,Business,business
course_13253e387f697890,Using Python to Access Web Data,University of Michigan,Computer Science,computer science
course_13280aec91806617,The Blockchain,"University of California, Irvine",Computer Science,computer science
course_133009ae0894a621,Deep Learning Methods for Healthcare,University of Illinois Urbana-Champaign,Data Science,data science
course_1389c144a7b69dea,React Native,Meta,Computer Science,computer science
course_138a9ae49cbe02e1,Business Strategy,University of Illinois Urbana-Champaign,Business,business
course_138ed67b60ccf177,"Understanding China, 1700-2000: A Data Analytic Approach, Part 1",The Hong Kong University of Science and Technology,Data Science,data science
course_13b1cb5c678bb5fc,Product Management: Initial Product Strategy and Plan,SkillUp EdTech,Computer Science,computer science
course_13b86f891362f778,"C++ Basic Structures: Vectors, Pointers, Strings, and Files",Codio,Computer Science,computer science
course_13e394a30a29de33,Advanced Styling with Responsive Design,University of Michigan,Computer Science,computer science
course_13e73f75037b007d,Supervised Machine Learning: Regression,IBM,Data Science,data science
course_13e73f75037b007d,Supervised Machine Learning: Regression,IBM,Information Technology,information technology
course_13ef8cee9e9cb164,Inferential Statistics,University of Amsterdam,Data Science,data science
course_13ef8cee9e9cb164,Inferential Statistics,University of Amsterdam,Information Technology,information technology
course_1405edaf2d9fc382,AI for Business: Generation & Prediction,Coursera Instructor Network,Business,business
course_14232d081872de89,Human Resources Analytics,"University of California, Irvine",Business,business
course_142760603c652ce3,Introduction to Finance: The Basics,University of Illinois Urbana-Champaign,Business,business
course_1431086eb0ada171,Human Resources Management Capstone: HR for People Managers,University of Minnesota,Business,business
course_1443bef54a62e7a3,Production Machine Learning Systems,Google Cloud,Data Science,data science
course_1443bef54a62e7a3,Production Machine Learning Systems,Google Cloud,Information Technology,information technology
course_14488d9daaa04b8d,Successful Presentation,University of Colorado Boulder,Business,business
course_1458fe93bdfd5f4a,Introduction to Software Product Management,University of Alberta,Computer Science,computer science
course_146d514e91bb2eec,Use Generative AI as Your Thought Partner,Coursera,Data Science,data science
course_146d514e91bb2eec,Use Generative AI as Your Thought Partner,Coursera,Information Technology,information technology
course_146f859bd6158769,PMP Formulas,Microsoft,Business,business
course_14d005dbdaf73bda,Developing Android Apps with App Inventor,The Hong Kong University of Science and Technology,Computer Science,computer science
course_151168ff35ad23fb,Introduction to Web Development,"University of California, Davis",Computer Science,computer science
course_1511a21474f27c3f,Natural Language Processing in Microsoft Azure,Microsoft,Data Science,data science
course_1511a21474f27c3f,Natural Language Processing in Microsoft Azure,Microsoft,Information Technology,information technology
course_1519adba8a8964f4,DevOps on AWS: Release and Deploy,Amazon Web Services,Computer Science,computer science
course_152a777e3240f9cc,Microsoft Azure Machine Learning,Microsoft,Data Science,data science
course_152a777e3240f9cc,Microsoft Azure Machine Learning,Microsoft,Information Technology,information technology
course_156e7007854eedbc,Hands-on Introduction to Linux Commands and Shell Scripting,IBM,Computer Science,computer science
course_156ee0d6bf5adcfa,"Project Approaches, Lifecycles, and Agile Implementation",LearnKartS,Business,business
course_157e8c7135838958,Ethical Issues in Data Science,University of Colorado Boulder,Data Science,data science
course_15ebb9ead638ec64,Design a User Experience for Social Good & Prepare for Jobs,Google,Computer Science,computer science
course_161a1070325a90bd,Rust Fundamentals,Duke University,Data Science,data science
course_161a1070325a90bd,Rust Fundamentals,Duke University,Information Technology,information technology
course_1627411995562ce2,Brand Identity and Strategy,IE Business School,Business,business
course_1685a7e9b338f816,Product Management: Foundations & Stakeholder Collaboration,SkillUp EdTech,Computer Science,computer science
course_16bba0f5b2935a32,AI-Enhanced Presentations Captivating Audiences with TOME,Coursera Instructor Network,Data Science,data science
course_16bba0f5b2935a32,AI-Enhanced Presentations Captivating Audiences with TOME,Coursera Instructor Network,Information Technology,information technology
course_16c3960def7129b0,Firm Level Economics: Consumer and Producer Behavior,University of Illinois Urbana-Champaign,Business,business
course_16e539a328e3c0ab,"Programming Foundations with JavaScript, HTML and CSS",Duke University,Computer Science,computer science
course_171f6756866edbdf,Algorithms for DNA Sequencing,Johns Hopkins University,Data Science,data science
course_171f6756866edbdf,Algorithms for DNA Sequencing,Johns Hopkins University,Information Technology,information technology
course_1733887d498ff125,"Cloud Computing Applications, Part 2: Big Data and Applications in the Cloud",University of Illinois Urbana-Champaign,Computer Science,computer science
course_177013df3f9d0e5b,Introduction to the Internet of Things and Embedded Systems,"University of California, Irvine",Computer Science,computer science
course_1785d2cf9f12f408,The entrepreneur's guide for beginners,Universitat de Barcelona,Business,business
course_17ae482aa71c60d9,Fundamentals of Software Architecture for Big Data,University of Colorado Boulder,Computer Science,computer science
course_1818bc9001628ca4,Getting Started with Front-End and Web Development,IBM,Computer Science,computer science
course_184d49e15f079d9b,Web of Data,EIT Digital,Data Science,data science
course_184d49e15f079d9b,Web of Data,EIT Digital,Information Technology,information technology
course_186f76397028039d,Construction Cost Estimating and Cost Control,Columbia University,Business,business
course_18941ce5b315a69a,Practical Python for AI Coding 2,Korea Advanced Institute of Science and Technology(KAIST),Computer Science,computer science
course_18bbfe45038c67f4,Create the User Interface in Android Studio,Meta,Computer Science,computer science
course_18e05ee9cb5ca878,Linux Fundamentals,LearnQuest,Computer Science,computer science
course_18fa16e65fc03e72,Getting Started with CyberGIS,University of Illinois Urbana-Champaign,Data Science,data science
course_1966ba920abbbe7d,A Strategic Approach to Cybersecurity,"University of Maryland, College Park",Computer Science,computer science
course_19fed7f23ffdb15b,Single Page Web Applications with AngularJS,Johns Hopkins University,Computer Science,computer science
course_1a06fdf5ee3cb021,Supply Chain of Agriculture,University of Illinois Urbana-Champaign,Business,business
course_1a25614c089f5cc0,Introduction to .NET Core,Board Infinity,Computer Science,computer science
course_1a628d8c458ffa32,Investment Banking: Financial Analysis and Valuation,University of Illinois Urbana-Champaign,Business,business
course_1a67be2122f0c413,Consulting Presentations and Storytelling,Emory University,Business,business
course_1a74773626b6a0c9,Pattern Discovery in Data Mining,University of Illinois Urbana-Champaign,Data Science,data science
course_1a74773626b6a0c9,Pattern Discovery in Data Mining,University of Illinois Urbana-Champaign,Information Technology,information technology
course_1a9d5b448177c3f6,Human-Centered Design: an Introduction,University of California San Diego,Computer Science,computer science
course_1ab5f8fc379fb162,ML Algorithms,Whizlabs,Data Science,data science
course_1ac36d87c7d13a33,Python Data Analytics,Meta,Data Science,data science
course_1ac36d87c7d13a33,Python Data Analytics,Meta,Information Technology,information technology
course_1ad6eec741890a8b,Machine Learning in Production,DeepLearning.AI,Data Science,data science
course_1ad6eec741890a8b,Machine Learning in Production,DeepLearning.AI,Information Technology,information technology
course_1b2ba9cbf9b7184e,Crowdfunding,University of Pennsylvania,Business,business
course_1b68d7b1f39e9661,Monitoring and Observability for Development and DevOps,IBM,Computer Science,computer science
course_1b6dcddfa1b9f6f6,The Strategy of Content Marketing,"University of California, Davis",Business,business
course_1b70b4016ebaa060,Data and Business Process Modeling with Microsoft Visio,Microsoft,Business,business
course_1b8947f1a0f93890,Making Data Science Work for Clinical Reporting,Genentech,Data Science,data science
course_1bab33e9fcc98acd,Probability Theory: Foundation for Data Science,University of Colorado Boulder,Data Science,data science
course_1bab33e9fcc98acd,Probability Theory: Foundation for Data Science,University of Colorado Boulder,Information Technology,information technology
course_1bb2820ef3a924c4,Introduction to Deep Learning for Computer Vision,MathWorks,Data Science,data science
course_1bb2820ef3a924c4,Introduction to Deep Learning for Computer Vision,MathWorks,Information Technology,information technology
course_1bffcb4e912c4e81,Entrepreneurship 2: Launching your Start-Up,University of Pennsylvania,Business,business
course_1c1efc8b6381ee1f,"Project Management Communication, Stakeholders & Leadership",SkillUp EdTech,Business,business
course_1c23305c28f433d0,GenAI for Everyone,Fractal Analytics,Data Science,data science
course_1c23305c28f433d0,GenAI for Everyone,Fractal Analytics,Information Technology,information technology
course_1c347571e2ef3880,"Generative AI: Governance, Policy, and Emerging Regulation",University of Michigan,Data Science,data science
course_1c347571e2ef3880,"Generative AI: Governance, Policy, and Emerging Regulation",University of Michigan,Information Technology,information technology
course_1c7b33caffca6bd3,Concurrency in Go,"University of California, Irvine",Computer Science,computer science
course_1ca4a30f244a4792,Essentials of Management and Strategic Planning,"University of California, Irvine",Business,business
course_1cc6b1085a9e3b77,Visual Perception for Self-Driving Cars,University of Toronto,Computer Science,computer science
course_1d05e84346def3e6,Building Database Applications in PHP,University of Michigan,Computer Science,computer science
course_1d331cda397f35cf,Business Writing,University of Colorado Boulder,Business,business
course_1d5cc0ddedbf67b6,Leading Teams: Building Effective Team Cultures,University of Illinois Urbana-Champaign,Business,business
course_1d5fb8f586547570,Gamification,University of Pennsylvania,Computer Science,computer science
course_1d73ec233d3548d5,Optimizing a Website for Google Search,"University of California, Davis",Business,business
course_1e05d1b7360fa51b,Database Management Essentials,University of Colorado System,Computer Science,computer science
course_1e15229e89bc7f64,Frontend Development with React,Packt,Computer Science,computer science
course_1e6903f479c4e342,Linux Cloud and DevOps,LearnQuest,Computer Science,computer science
course_1ed7fa5c887615b6,"Everyday Excel, Part 1",University of Colorado Boulder,Computer Science,computer science
course_1ee79809d17eab33,Cryptography and Information Theory,University of Colorado System,Computer Science,computer science
course_1efa4d97a04d10f2,Introduction to Programming,Ball State University,Computer Science,computer science
course_1f1a5d36c9f04315,Spatial Data Science and Applications,Yonsei University,Data Science,data science
course_1f1a93f7cb197beb,Simulation Models for Decision Making,University of Minnesota,Data Science,data science
course_1f32d7dbf467a27c,"C++ For C Programmers, Part A","University of California, Santa Cruz",Computer Science,computer science
course_1f44c3f15e1fa79c,Learn to code with AI,Scrimba,Computer Science,computer science
course_1f5dcc359ea5abb8,Supply Chain Operations,Rutgers the State University of New Jersey,Business,business
course_1f791553260aeb57,Software Defined Networking,The University of Chicago,Computer Science,computer science
course_1f7f6ceaa252b6b3,Parallel Programming in Java,Rice University,Computer Science,computer science
course_1f9444595bde3585,Empowering and Transforming Your Organization with GenAI,Coursera,Data Science,data science
course_1fa304db342770c2,Investments I: Fundamentals of Performance Evaluation,University of Illinois Urbana-Champaign,Business,business
course_1ff1532411c59ccc,Software Testing for Developers,Codio,Computer Science,computer science
course_2010efb3b9b7909e,Six Sigma Principles,Kennesaw State University,Business,business
course_2042a8fd0754b557,Programming with Generative AI,Indian Institute of Technology Guwahati,Computer Science,computer science
course_2063fc42a656dfff,"Interviewing, Negotiating a Job Offer, and Career Planning","University of California, Irvine",Data Science,data science
course_2066709f2c2eef1a,AI and Public Health,DeepLearning.AI,Data Science,data science
course_2066709f2c2eef1a,AI and Public Health,DeepLearning.AI,Information Technology,information technology
course_2071c6bd6525907c,Developing AI Policy,Fred Hutchinson Cancer Center,Data Science,data science
course_2071c6bd6525907c,Developing AI Policy,Fred Hutchinson Cancer Center,Information Technology,information technology
course_2130cf62b463bd73,Prepare for AZ-204: Developing Solutions for Microsoft Azure,Microsoft,Computer Science,computer science
course_2132742cfa0da54a,Practical Time Series Analysis,The State University of New York,Data Science,data science
course_2132742cfa0da54a,Practical Time Series Analysis,The State University of New York,Information Technology,information technology
course_213729370f46448f,Investment Banking: M&A and Initial Public Offerings,University of Illinois Urbana-Champaign,Business,business
course_219e4e1922647f62,"Generative AI: Fundamentals, Applications, and Challenges",University of Michigan,Data Science,data science
course_219e4e1922647f62,"Generative AI: Fundamentals, Applications, and Challenges",University of Michigan,Information Technology,information technology
course_21cef92c62746e06,Linear Algebra for Machine Learning and Data Science,DeepLearning.AI,Computer Science,computer science
course_21d5e405be8c7cd4,Docker for Beginners with Hands-on labs,KodeKloud,Computer Science,computer science
course_2268c61ab2f12954,Auditing I: Conceptual Foundations of Auditing,University of Illinois Urbana-Champaign,Business,business
course_22e5c97d2860028f,Python and Pandas for Data Engineering,Duke University,Data Science,data science
course_22e5c97d2860028f,Python and Pandas for Data Engineering,Duke University,Information Technology,information technology
course_22ed4caf50f01e3f,Decision Making and Reinforcement Learning,Columbia University,Computer Science,computer science
course_2310f5a000c2af53,"Advanced Data Structures, RSA and Quantum Algorithms",University of Colorado Boulder,Computer Science,computer science
course_234129344133f677,Put It to Work: Prepare for Cybersecurity Jobs,Google,Computer Science,computer science
course_23dcb2b0f1157240,Create the User Interface with SwiftUI,Meta,Computer Science,computer science
course_2426cefce5bab2ff,Salesforce Admin Functions,LearnKartS,Computer Science,computer science
course_242bd3096a7c2321,Building AI Powered Chatbots Without Programming,IBM,Computer Science,computer science
course_2492f54c725a5a9b,Forensic Accounting and Fraud Examination,West Virginia University,Business,business
course_25564b2c688b1a12,"Unsupervised Learning, Recommenders, Reinforcement Learning",DeepLearning.AI,Data Science,data science
course_25564b2c688b1a12,"Unsupervised Learning, Recommenders, Reinforcement Learning",DeepLearning.AI,Information Technology,information technology
course_25c63a8616a3a12e,Linux Kernel Programming and Introduction to Yocto Project,University of Colorado Boulder,Computer Science,computer science
course_262e95a11196d80e,Object-Oriented Design,University of Alberta,Computer Science,computer science
course_267156fd3b188b71,Driving Operational Performance,University of Pennsylvania,Business,business
course_26e5ea7d36f8fee3,Essential Design Principles for Tableau,"University of California, Davis",Data Science,data science
course_26e5ea7d36f8fee3,Essential Design Principles for Tableau,"University of California, Davis",Information Technology,information technology
course_270080439eba70b4,Machine Learning for All,University of London,Computer Science,computer science
course_2700c5ee8b80cec8,Evaluating Designs with Users,University of Michigan,Computer Science,computer science
course_27dc3aa36bd64e7b,Research Data Management and Sharing,The University of North Carolina at Chapel Hill,Data Science,data science
course_27dc3aa36bd64e7b,Research Data Management and Sharing,The University of North Carolina at Chapel Hill,Information Technology,information technology
course_27e349dbd4c1745c,Principles of Public Relations,University of Colorado Boulder,Business,business
course_27fb3af710138ccc,Doing Economics: Measuring Climate Change,University of London,Data Science,data science
course_27fb3af710138ccc,Doing Economics: Measuring Climate Change,University of London,Information Technology,information technology
course_28522917c93561e9,Create High-Fidelity Designs and Prototypes in Figma,Google,Computer Science,computer science
course_2881956d36f4e705,Command Line Tools for Genomic Data Science,Johns Hopkins University,Data Science,data science
course_2881956d36f4e705,Command Line Tools for Genomic Data Science,Johns Hopkins University,Information Technology,information technology
course_28cac4585c203c85,R Programming,Johns Hopkins University,Data Science,data science
course_28cac4585c203c85,R Programming,Johns Hopkins University,Information Technology,information technology
course_28e6838679dccd03,Deep Learning for Object Detection,MathWorks,Data Science,data science
course_28e6838679dccd03,Deep Learning for Object Detection,MathWorks,Information Technology,information technology
course_29940c3f49c6d109,Emotional and Social Intelligence,"University of California, Davis",Business,business
course_29b23e34de9509f3,Android App Capstone,Meta,Computer Science,computer science
course_29b57cc8a9984e60,Scrum Master Certification: Scrum Methodologies,LearnQuest,Computer Science,computer science
course_29bc2238ce8a00d3,Fundamentals of Technology Sales,"University of Maryland, College Park",Business,business
course_29cdf974ac4671cf,Data for Business Analysts Using Microsoft Excel,Microsoft,Business,business
course_2a3d4f6c8777f4f4,Operating System Foundations,Infosec,Computer Science,computer science
course_2a4c54f417ff364e,Spring - Cloud Overview,LearnQuest,Computer Science,computer science
course_2a5e975f15148e8c,Front-End Developer Capstone,Meta,Computer Science,computer science
course_2ac5ec8e6309fdb4,Design Computing: 3D Modeling in Rhinoceros with Python/Rhinoscript,University of Michigan,Computer Science,computer science
course_2ad150666c9215b8,Portfolio and Risk Management,University of Geneva,Business,business
course_2b2a31e0edd1d777,"Build Decision Trees, SVMs, and Artificial Neural Networks",CertNexus,Data Science,data science
course_2b4bb015612025e7,Project Planning: Putting It All Together,Google,Business,business
course_2b4ce2cb054d574b,Introduction to Java,LearnQuest,Computer Science,computer science
course_2b59b837031f39a4,Recording in Journals & Posting in Ledgers,"University of California, Irvine",Business,business
course_2b74ffb438341863,C Programming: Advanced Data Types - 5,Dartmouth College,Computer Science,computer science
course_2b9aabcd1c389b06,How Software Ate Finance,Stanford University,Business,business
course_2ba87aedbf78864e,"Project Lifecycle, Information Sharing, and Risk Management",SkillUp EdTech,Business,business
course_2bb45698fdbd6147,Entrepreneurship 1: Developing the Opportunity,University of Pennsylvania,Business,business
course_2be9aa3b59f09b24,Prepare for DP-100: Data Science on Microsoft Azure Exam,Microsoft,Computer Science,computer science
course_2c00b8ee79d9fbde,Data Analysis and Visualization with Power BI,Microsoft,Data Science,data science
course_2c00b8ee79d9fbde,Data Analysis and Visualization with Power BI,Microsoft,Information Technology,information technology
course_2c7539a57d3cf349,Wearable Technologies and Sports Analytics,University of Michigan,Data Science,data science
course_2c96f607ec300888,Supply Chain Logistics,Rutgers the State University of New Jersey,Business,business
course_2cbd3dd4a6e983e9,Finance of Mergers and Acquisitions: Designing an M&A Deal,University of Illinois Urbana-Champaign,Business,business
course_2ccc40f1a8bc8c2a,Project Management: Life cycle and project planning,Politecnico di Milano,Business,business
course_2ce0679007082b9f,Scaling Operations: Linking Strategy and Execution,Northwestern University,Business,business
course_2cebef2a7890ef18,Emotional Intelligence: Cultivating Immensely Human Interactions,University of Michigan,Business,business
course_2d180f6ffc47f5df,Deploy a website with Azure Virtual Machines,Microsoft,Computer Science,computer science
course_2d7e73fc23d7bf05,Computer Simulations,"University of California, Davis",Data Science,data science
course_2daaf322136a7d3e,IIBA® Entry Certificate in Business Analysis™ (ECBA™) Exam Prep,Starweaver,Business,business
course_2de3826663e9a920,Multistate Taxation,University of Illinois Urbana-Champaign,Business,business
course_2e1db4618e8d1652,Foundations for Big Data Analysis with SQL,Cloudera,Data Science,data science
course_2e1db4618e8d1652,Foundations for Big Data Analysis with SQL,Cloudera,Information Technology,information technology
course_2e2b8cf0b84da5f3,Spring Data Repositories,LearnQuest,Computer Science,computer science
course_2e3709c0b63c16d6,Business Analysis Fundamentals,Microsoft,Business,business
course_2e5b273a62d9c860,Improving your statistical inferences,Eindhoven University of Technology,Data Science,data science
course_2e5b273a62d9c860,Improving your statistical inferences,Eindhoven University of Technology,Information Technology,information technology
course_2e620227042e3d97,3D Models for Virtual Reality,University of London,Computer Science,computer science
course_2e8cc39597cb1e9a,Service-Oriented Architecture,University of Alberta,Computer Science,computer science
course_2e947809893e99be,Introduction to Data Analytics,IBM,Data Science,data science
course_2e947809893e99be,Introduction to Data Analytics,IBM,Information Technology,information technology
course_2ef6c042fe48bce3,Advanced Data Structures in Java,University of California San Diego,Computer Science,computer science
course_2f2fa7e113cf08b7,"Pointers, Arrays, and Recursion",Duke University,Computer Science,computer science
course_2f43287e78f51609,Entrepreneurship Strategy: From Ideation to Exit,HEC Paris,Business,business
course_2f6c62e3c9220458,An Introduction to Interactive Programming in Python (Part 2),Rice University,Computer Science,computer science
course_2f6f534fb4520c1c,Introduction to Data Science in Python,University of Michigan,Data Science,data science
course_2f6f534fb4520c1c,Introduction to Data Science in Python,University of Michigan,Information Technology,information technology
course_2f787a832c1a467a,Creating Advanced Reports with SAS Visual Analytics,SAS,Data Science,data science
course_2fde912591f3b8b1,Build and Operate Machine Learning Solutions with Azure,Microsoft,Data Science,data science
course_2fde912591f3b8b1,Build and Operate Machine Learning Solutions with Azure,Microsoft,Information Technology,information technology
course_2fe064f84a051bb9,Compensation and Benefits,HRCI,Business,business
course_302721fd645f80ec,Satisfaction Guaranteed: Develop Customer Loyalty Online,Google,Business,business
course_308a4583907e07ba,Software Architecture Patterns for Big Data,University of Colorado Boulder,Computer Science,computer science
course_30c4dab4fb2b5971,Generative AI: Elevate Your Data Science Career,IBM,Data Science,data science
course_30c4dab4fb2b5971,Generative AI: Elevate Your Data Science Career,IBM,Information Technology,information technology
course_30dfd8b88973049f,Blueprint Scripting,Epic Games,Computer Science,computer science
course_3166ecf98c4c3589,Generalized Linear Models and Nonparametric Regression,University of Colorado Boulder,Data Science,data science
course_3166ecf98c4c3589,Generalized Linear Models and Nonparametric Regression,University of Colorado Boulder,Information Technology,information technology
course_319126c4d01470b5,Mathematical Thinking in Computer Science,University of California San Diego,Computer Science,computer science
course_31d90b724e430b6c,Stability and Capability in Quality Improvement,University of Colorado Boulder,Data Science,data science
course_31d90b724e430b6c,Stability and Capability in Quality Improvement,University of Colorado Boulder,Information Technology,information technology
course_31fc5e13118f2ae7,Full Stack Software Developer Assessment,IBM,Computer Science,computer science
course_324b5f3f8789373c,APIs,Meta,Computer Science,computer science
course_325742cb593e663f,Client Needs and Software Requirements,University of Alberta,Computer Science,computer science
course_32a89573be0be02c,Statistics with SAS,SAS,Data Science,data science
course_32a89573be0be02c,Statistics with SAS,SAS,Information Technology,information technology
course_32c4856323402621,Navigating Generative AI: A CEO Playbook,Coursera,Data Science,data science
course_32c4856323402621,Navigating Generative AI: A CEO Playbook,Coursera,Information Technology,information technology
course_32c4e2c0ecfe4d7b,Responsible AI - Principles and Ethical Considerations,Fractal Analytics,Data Science,data science
course_32d01bde3637bae0,Setting a Generative AI Strategy,Coursera,Data Science,data science
course_32d01bde3637bae0,Setting a Generative AI Strategy,Coursera,Information Technology,information technology
course_32ee6bddfcf3aaa5,Fundamentals of Social Media Advertising,Meta,Business,business
course_330c3801fe61b089,Managing Employee Compensation,University of Minnesota,Business,business
course_333266015dc0a0fc,Finance for Managers,IESE Business School,Business,business
course_33456ff7a69716ad,Measuring Total Data Quality,University of Michigan,Data Science,data science
course_337dd65ef1087dbe,VLSI CAD Part I: Logic,University of Illinois Urbana-Champaign,Computer Science,computer science
course_33c2f661cefc3089,Introduction to CSS3,University of Michigan,Computer Science,computer science
course_33d6c625b89e04a8,"Integrated Marketing Communications: Advertising, Public Relations, Digital Marketing and more",IE Business School,Business,business
course_342331bfacebeffd,Convolutional Neural Networks,DeepLearning.AI,Data Science,data science
course_342331bfacebeffd,Convolutional Neural Networks,DeepLearning.AI,Information Technology,information technology
course_344d70a9bc725377,Financial Statement and Ratio Analysis for Accountants,University of Illinois Urbana-Champaign,Business,business
course_34633520cc63a11f,The Construction Industry: The Way Forward,Columbia University,Business,business
course_349170a54578dd99,Arranging and Visualizing Data in R,University of Michigan,Data Science,data science
course_349170a54578dd99,Arranging and Visualizing Data in R,University of Michigan,Information Technology,information technology
course_34c57e0538116d07,Jenkins for Beginners,KodeKloud,Computer Science,computer science
course_34cde3f4150f51a5,Accounting: Principles of Financial Accounting,IESE Business School,Business,business
course_34dce860bd0cfb07,"HTML, CSS, and Javascript for Web Developers",Johns Hopkins University,Computer Science,computer science
course_34ed1e68bb47a0a9,Introduction to DevOps,IBM,Computer Science,computer science
course_353e06c511d8a11a,"Foundations of Sports Analytics: Data, Representation, and Models in Sports",University of Michigan,Data Science,data science
course_353e06c511d8a11a,"Foundations of Sports Analytics: Data, Representation, and Models in Sports",University of Michigan,Information Technology,information technology
course_355e8fd7199aab64,Understanding Financial Statements: Company Position,University of Illinois Urbana-Champaign,Business,business
course_356b81101f66d5df,Financial Markets,Yale University,Business,business
course_35b00c3bf1aede27,Pre-MBA Statistics,IIMA - IIM Ahmedabad,Data Science,data science
course_35b00c3bf1aede27,Pre-MBA Statistics,IIMA - IIM Ahmedabad,Information Technology,information technology
course_35b0248703dc1088,Tools for Data Science,IBM,Data Science,data science
course_35b0248703dc1088,Tools for Data Science,IBM,Information Technology,information technology
course_35bef4747faaee58,Management of International Development: Towards Agenda 2030,Università Bocconi,Business,business
course_35d6097b24619dae,Influence,University of Pennsylvania,Business,business
course_35da869b5391812b,Linear Regression and Modeling,Duke University,Data Science,data science
course_35da869b5391812b,Linear Regression and Modeling,Duke University,Information Technology,information technology
course_35e93ee4cb439c27,"Improving Deep Neural Networks: Hyperparameter Tuning, Regularization and Optimization",DeepLearning.AI,Data Science,data science
course_35e93ee4cb439c27,"Improving Deep Neural Networks: Hyperparameter Tuning, Regularization and Optimization",DeepLearning.AI,Information Technology,information technology
course_3605c5aa0bb2fca3,Basic Data Processing and Visualization,University of California San Diego,Data Science,data science
course_3605c5aa0bb2fca3,Basic Data Processing and Visualization,University of California San Diego,Information Technology,information technology
course_364f8232e3331a3b,"Everyday Excel, Part 2",University of Colorado Boulder,Computer Science,computer science
course_36555e2c6f6ad9f5,Doing more with Google Sheets,Google Cloud,Business,business
course_36559f6777d619a6,Decentralized Applications (Dapps),University at Buffalo,Computer Science,computer science
course_36ab9cd03415bd66,Advanced Data Visualization with Tableau,Tableau Learning Partner,Data Science,data science
course_36ab9cd03415bd66,Advanced Data Visualization with Tableau,Tableau Learning Partner,Information Technology,information technology
course_36bf544a6e5f8675,Think Outside the Inbox: Email Marketing,Google,Business,business
course_3703772eef9668f0,Introduction to Cybersecurity Foundations,Infosec,Computer Science,computer science
course_3738874a906f04e3,Data Visualization with Python,Duke University,Data Science,data science
course_3738874a906f04e3,Data Visualization with Python,Duke University,Information Technology,information technology
course_3746d6021ce87ab1,Web and Mobile Testing with Selenium,University of Minnesota,Computer Science,computer science
course_3755482161c4c595,Researcher's guide to RNA sequencing data,Fred Hutchinson Cancer Center,Data Science,data science
course_3755482161c4c595,Researcher's guide to RNA sequencing data,Fred Hutchinson Cancer Center,Information Technology,information technology
course_37a28fbe5f0ce119,Introduction to Portfolio Construction and Analysis with Python,EDHEC Business School,Business,business
course_37b0543d1e3c164e,Corporate Finance Essentials II,IESE Business School,Business,business
course_37d2eb78ae7e41e5,ANOVA and Experimental Design,University of Colorado Boulder,Data Science,data science
course_37d2eb78ae7e41e5,ANOVA and Experimental Design,University of Colorado Boulder,Information Technology,information technology
course_380b48964e06fd86,Statistics and Clustering in Python,University of London,Data Science,data science
course_380b48964e06fd86,Statistics and Clustering in Python,University of London,Information Technology,information technology
course_388c80395bc207eb,Automated Report Generation with Generative AI,Coursera Instructor Network,Data Science,data science
course_38f0404a65b231a4,IBM Data Analyst Capstone Project,IBM,Data Science,data science
course_38f0404a65b231a4,IBM Data Analyst Capstone Project,IBM,Information Technology,information technology
course_3919feb5cee2b7ad,Data Analysis with Tidyverse,University of Colorado Boulder,Data Science,data science
course_396a04df354da4c5,Django Web Framework,Meta,Computer Science,computer science
course_39714fe986278a26,Exam Prep CKA: Certified Kubernetes Administrator,Whizlabs,Computer Science,computer science
course_39be6463ed68b30d,SAP Technology Consultant Hands-on Project,SAP,Business,business
course_39bfb9a5f6cceb74,Build Wireframes and Low-Fidelity Prototypes,Google,Computer Science,computer science
course_39d46b401754ed6e,Web Application Technologies and Django,University of Michigan,Computer Science,computer science
course_3a0440009a04e9a7,Share Data Through the Art of Visualization,Google,Data Science,data science
course_3a0440009a04e9a7,Share Data Through the Art of Visualization,Google,Information Technology,information technology
course_3a144cf9270a10ef,Fundamentals of Project Planning and Management,University of Virginia,Business,business
course_3a3f8faf1ea69edf,Cyber Security Fundamentals,University of London,Computer Science,computer science
course_3a645757d40bb451,Fundamentals of Level Design with Unreal Engine,Epic Games,Computer Science,computer science
course_3a891a22ba16f5fe,Introduction to 3D Modeling,University of Michigan,Computer Science,computer science
course_3abdccee0a9852b8,"Java Programming: Arrays, Lists, and Structured Data",Duke University,Computer Science,computer science
course_3acaa91968a8b229,Mathematical Biostatistics Boot Camp 2,Johns Hopkins University,Data Science,data science
course_3b0f907e060bdca3,Introduction to Marketing,University of Pennsylvania,Business,business
course_3b130e7f3ff6155f,Introduction to CSS3,Johns Hopkins University,Computer Science,computer science
course_3b2466d165baf885,Real-Time Cyber Threat Detection and Mitigation,New York University,Computer Science,computer science
course_3b384334c2d678ce,Digital Marketing Analytics in Practice,University of Illinois Urbana-Champaign,Business,business
course_3b4a7f74f7ccc9ee,Introduction to Software Engineering,IBM,Computer Science,computer science
course_3b7ea30aa4308858,Data Structures and Performance,University of California San Diego,Computer Science,computer science
course_3bbfbe3065651e7c,Diversity and Inclusion for HR Professionals,"University of California, Irvine",Business,business
course_3c1b6f8b8c462f5f,Foundations of Business Strategy,University of Virginia,Business,business
course_3c55f8ead4918d1c,Object-Oriented Programming in C++: Functions,University of London,Computer Science,computer science
course_3c56d14268889801,The Future of Payment Technologies,University of Michigan,Business,business
course_3ca1c96ea09cd3fa,"Engineering Project Management: Risk, Quality, Teams, and Procurement",Rice University,Business,business
course_3d5306b1ee926bd5,Experimentation for Improvement,McMaster University,Data Science,data science
course_3d5306b1ee926bd5,Experimentation for Improvement,McMaster University,Information Technology,information technology
course_3d6206414b3f3927,Probabilistic Deep Learning with TensorFlow 2,Imperial College London,Data Science,data science
course_3d6206414b3f3927,Probabilistic Deep Learning with TensorFlow 2,Imperial College London,Information Technology,information technology
course_3d68a4e232cee372,Introduction to Generative AI,Duke University,Computer Science,computer science
course_3d8d8e98ae2b9a72,Armv8-M Architecture Fundamentals,Arm,Computer Science,computer science
course_3d9ebf592bb054d4,C Programming: Pointers and Memory Management - 4,Dartmouth College,Computer Science,computer science
course_3daa10904d7d4e08,Introduction to Blockchain Technologies,INSEAD,Business,business
course_3daf2c8072b80e7d,"Introduction to Data, Signal, and Image Analysis with MATLAB",Vanderbilt University,Data Science,data science
course_3daf2c8072b80e7d,"Introduction to Data, Signal, and Image Analysis with MATLAB",Vanderbilt University,Information Technology,information technology
course_3dbb5f495bab620d,UX (User Experience) Capstone,University of Michigan,Computer Science,computer science
course_3dd4bbbe1e73e846,Copyright Law in the Music Business,Berklee,Business,business
course_3e38d861a4718aed,Initiating and Planning Projects,"University of California, Irvine",Business,business
course_3e558264369ce151,Assessment for Data Analysis and Visualization Foundations,IBM,Data Science,data science
course_3e558264369ce151,Assessment for Data Analysis and Visualization Foundations,IBM,Information Technology,information technology
course_3e71493687f42328,Managing Talent,University of Michigan,Business,business
course_3e79ca4b691be960,C for Everyone: Programming Fundamentals,"University of California, Santa Cruz",Computer Science,computer science
course_3e9666beeb5c3dc4,Mathematics for Machine Learning: Linear Algebra,Imperial College London,Data Science,data science
course_3e9666beeb5c3dc4,Mathematics for Machine Learning: Linear Algebra,Imperial College London,Information Technology,information technology
course_3ed650ee599f1547,Supply Chain Management and Analytics,Unilever,Data Science,data science
course_3ed650ee599f1547,Supply Chain Management and Analytics,Unilever,Information Technology,information technology
course_3f18655955fc6221,Data Ecosystem,Tableau Learning Partner,Data Science,data science
course_3f18655955fc6221,Data Ecosystem,Tableau Learning Partner,Information Technology,information technology
course_3f2439418bbb60d3,Exploring the Field of U.S. Payroll,"Automatic Data Processing, Inc. (ADP)",Business,business
course_3f273810e14b5c80,Google Prompting Essentials,Google,Data Science,data science
course_3f273810e14b5c80,Google Prompting Essentials,Google,Information Technology,information technology
course_3f3f806a4294cf01,Creating Dashboards and Storytelling with Tableau,"University of California, Davis",Data Science,data science
course_3f3f806a4294cf01,Creating Dashboards and Storytelling with Tableau,"University of California, Davis",Information Technology,information technology
course_3f40f08dad7b860e,Introduction to Spreadsheets and Models,University of Pennsylvania,Business,business
course_3ff11e6e1b75bb52,Process Mining: Data science in Action,Eindhoven University of Technology,Data Science,data science
course_3ff11e6e1b75bb52,Process Mining: Data science in Action,Eindhoven University of Technology,Information Technology,information technology
course_400bd383706d599f,Digital Marketing Analytics in Theory,University of Illinois Urbana-Champaign,Business,business
course_401291ce4f913825,Interest Rate Models,École Polytechnique Fédérale de Lausanne,Business,business
course_402f9d97899aa124,Principles of fMRI 1,Johns Hopkins University,Data Science,data science
course_402f9d97899aa124,Principles of fMRI 1,Johns Hopkins University,Information Technology,information technology
course_40cb6e551f978bb5,User Interface Design and Prototyping,Microsoft,Computer Science,computer science
course_410ef5c5bc53d7b9,Java Programming: Principles of Software Design,Duke University,Computer Science,computer science
course_4118bdb6dfec8c41,Continuous Delivery & DevOps,University of Virginia,Computer Science,computer science
course_417193435da50306,Portfolio Selection and Risk Management,Rice University,Business,business
course_41b63b69bb8c1e82,Communicating Business Analytics Results,University of Colorado Boulder,Data Science,data science
course_41be62e8ab0b3bdf,Market Risk Management: Frameworks & Strategies,New York Institute of Finance,Business,business
course_41cdb365345bd4d6,Connect and Protect: Networks and Network Security,Google,Computer Science,computer science
course_41d1d8e2001b0f62,Introduction to Accounting Data Analytics and Visualization,University of Illinois Urbana-Champaign,Business,business
course_41ef1c5ba2ae0342,Writing Professional Email and Memos (Project-Centered Course),Kennesaw State University,Business,business
course_41f3a849e7a51601,International Business II,University of New Mexico,Business,business
course_41fa38da5420a68f,Insights of Power BI,Fractal Analytics,Data Science,data science
course_42387f7b40e400c4,Automation Business Analysis - Concepts and Principles,UiPath,Business,business
course_423b56a003f1e485,Competitive Strategy,Illinois Tech,Business,business
course_42483dc0f5a33778,Business Strategies for Social Impact,University of Pennsylvania,Business,business
course_427295ee2e0f9bd7,Planning a Generative AI Project,Amazon Web Services,Data Science,data science
course_427476050bd11616,Introduction to Meteor.js Development,University of London,Computer Science,computer science
course_43108afafe3a1994,Data Analysis Tools,Wesleyan University,Data Science,data science
course_43214b0f9dbe1de1,CUDA at Scale for the Enterprise,Johns Hopkins University,Computer Science,computer science
course_433af1309df3854a,Auditing II: The Practice of Auditing,University of Illinois Urbana-Champaign,Business,business
course_433d6adbef444b04,Introduction to Cybersecurity Careers,IBM,Computer Science,computer science
course_434aaff154f31bd2,Advanced Data Engineering,Duke University,Computer Science,computer science
course_435c1a7527159e35,React Basics,Meta,Computer Science,computer science
course_4386afe9feab20c4,Inspiring Leadership through Emotional Intelligence,Case Western Reserve University,Business,business
course_439288e1a1949a1a,Implementing Supply Chain Analytics,Unilever,Data Science,data science
course_439288e1a1949a1a,Implementing Supply Chain Analytics,Unilever,Information Technology,information technology
course_439b0856f6c87a2f,SAP Professional Fundamentals,SAP,Business,business
course_43b55f0ca6ebbba5,Cost and Economics in Pricing Strategy,University of Virginia,Business,business
course_43b7e9fbf79d27be,Statistical Methods,University of Leeds,Data Science,data science
course_43b7e9fbf79d27be,Statistical Methods,University of Leeds,Information Technology,information technology
course_43dcaba34bf2f3ab,Introduction to Databases for Back-End Development,Meta,Computer Science,computer science
course_43dcfa355170ce65,Liabilities and Equity in Accounting,Intuit,Business,business
course_43f767006777c8d8,The Role of the CEO in Navigating GenAI,Coursera,Data Science,data science
course_43f767006777c8d8,The Role of the CEO in Navigating GenAI,Coursera,Information Technology,information technology
course_445ed706152a5551,Relational database systems,Universidad Nacional Autónoma de México,Data Science,data science
course_44dea508795cabc1,"Operating Systems: Overview, Administration, and Security",IBM,Computer Science,computer science
course_4514418860941e92,Professional Skills for International Business,University of London,Business,business
course_4519f5ac454a5431,Viral Marketing and How to Craft Contagious Content,University of Pennsylvania,Business,business
course_4520f459b55767bc,Data Science Ethics,University of Michigan,Data Science,data science
course_4520f459b55767bc,Data Science Ethics,University of Michigan,Information Technology,information technology
course_45481078593b9b67,Opportunity Management in Salesforce,Salesforce,Business,business
course_45522a26e27e2083,Supply Chain Management Strategy,Rutgers the State University of New Jersey,Business,business
course_456b8f8a517ffec9,The Structured Query Language (SQL),University of Colorado Boulder,Data Science,data science
course_456b8f8a517ffec9,The Structured Query Language (SQL),University of Colorado Boulder,Information Technology,information technology
course_45aa49f9ad04de1f,Data Science in Real Life,Johns Hopkins University,Data Science,data science
course_45aa49f9ad04de1f,Data Science in Real Life,Johns Hopkins University,Information Technology,information technology
course_45bdd5af945493a5,Data Sciences in Pharma - Patient Centered Outcomes Research,Genentech,Data Science,data science
course_45bdd5af945493a5,Data Sciences in Pharma - Patient Centered Outcomes Research,Genentech,Information Technology,information technology
course_45c16fc7c60da5db,Data Analyst Career Guide and Interview Preparation,IBM,Data Science,data science
course_45c16fc7c60da5db,Data Analyst Career Guide and Interview Preparation,IBM,Information Technology,information technology
course_4600b44e82404287,A Comprehensive Excel Masterclass,Illinois Tech,Business,business
course_469762911645cebe,Mobile Development and JavaScript,Meta,Computer Science,computer science
course_47023a240a08075f,ESG Risks and Opportunities,University of Pennsylvania,Business,business
course_47144c50cb862906,JavaScript Basics,"University of California, Davis",Computer Science,computer science
course_4723c681303bf461,"Influencing, Collaboration and Decision Making",Starweaver,Business,business
course_47266c7d3381e6b1,Data Analysis and Presentation Skills: the PwC Approach Final Project,PwC,Data Science,data science
course_47266c7d3381e6b1,Data Analysis and Presentation Skills: the PwC Approach Final Project,PwC,Information Technology,information technology
course_473800fca1eb90d0,Applying Data Analytics in Finance,University of Illinois Urbana-Champaign,Business,business
course_473abc3ce6f2df76,Design Thinking: Ideas to Action,University of Virginia,Business,business
course_4767501c2ec3d300,Design-Led Strategy: Design thinking for business strategy and entrepreneurship,The University of Sydney,Business,business
course_4792bd470a59d326,Parallel programming,École Polytechnique Fédérale de Lausanne,Computer Science,computer science
course_47bb8fb6e0994ced,User Interface in Game Design,Epic Games,Computer Science,computer science
course_47bbe9c49901d50c,User Experience & Interaction Design for AR/VR/MR/XR,University of Michigan,Computer Science,computer science
course_48bbf8473a2707b0,Features and Boundaries,Columbia University,Computer Science,computer science
course_48c3ac187f1367a4,C# for .NET Developers,Board Infinity,Computer Science,computer science
course_48c6d273e5e242a3,Generative AI Essentials: A Comprehensive Introduction,Fractal Analytics,Computer Science,computer science
course_48da896c4a5d91d1,Neural Networks and Deep Learning,DeepLearning.AI,Data Science,data science
course_48da896c4a5d91d1,Neural Networks and Deep Learning,DeepLearning.AI,Information Technology,information technology
course_48e17383a2b17d24,Big Data Analysis with Scala and Spark,École Polytechnique Fédérale de Lausanne,Computer Science,computer science
course_48f38532cc63ae09,Basic Statistics,University of Amsterdam,Data Science,data science
course_48f38532cc63ae09,Basic Statistics,University of Amsterdam,Information Technology,information technology
course_48fad69aa23e27b6,GenAI for Customer Service Representatives,Coursera Instructor Network,Data Science,data science
course_49198c20bdb20f27,Data-Driven Animation for Science Communication,"University of California, Santa Cruz",Data Science,data science
course_49198c20bdb20f27,Data-Driven Animation for Science Communication,"University of California, Santa Cruz",Information Technology,information technology
course_49a23bcb4cd65097,Analysis and Visualization of Data with Power BI,Microsoft,Data Science,data science
course_49a23bcb4cd65097,Analysis and Visualization of Data with Power BI,Microsoft,Information Technology,information technology
course_49b8e0a32601a079,Practicing for the SAS Programming Certification Exam,SAS,Data Science,data science
course_49b8e0a32601a079,Practicing for the SAS Programming Certification Exam,SAS,Information Technology,information technology
course_49bc977c77a08777,Build Basic Generative Adversarial Networks (GANs),DeepLearning.AI,Data Science,data science
course_49bc977c77a08777,Build Basic Generative Adversarial Networks (GANs),DeepLearning.AI,Information Technology,information technology
course_49e4e689106cfda3,A Crash Course in Causality:  Inferring Causal Effects from Observational Data,University of Pennsylvania,Data Science,data science
course_49e4e689106cfda3,A Crash Course in Causality:  Inferring Causal Effects from Observational Data,University of Pennsylvania,Information Technology,information technology
course_4a01e2b068ec807f,"AI Workflow: Machine Learning, Visual Recognition and NLP",IBM,Data Science,data science
course_4a2b13383731fa40,Ultimate Graphic Design Course: Create 40 Practical Projects,Packt,Computer Science,computer science
course_4a34d81458a77d20,Excel Essentials and Beyond,Board Infinity,Data Science,data science
course_4a34d81458a77d20,Excel Essentials and Beyond,Board Infinity,Information Technology,information technology
course_4a5d2da4ab990633,Programming for Data Science,University of Leeds,Data Science,data science
course_4a5d2da4ab990633,Programming for Data Science,University of Leeds,Information Technology,information technology
course_4a76a4391d070864,Natural Language Processing with Sequence Models,DeepLearning.AI,Data Science,data science
course_4a76a4391d070864,Natural Language Processing with Sequence Models,DeepLearning.AI,Information Technology,information technology
course_4a8104e776c53aac,Introduction to User Experience Design,Georgia Institute of Technology,Computer Science,computer science
course_4a87ac46a36e0aed,Software Design as an Element of the Software Development Lifecycle,University of Colorado System,Computer Science,computer science
course_4ae8876cbd834993,Team Building and Leadership in Project Management,Microsoft,Business,business
course_4af32936ee378033,Open-source AI Models,Scrimba,Computer Science,computer science
course_4afdffae9acd1f4b,AI Workflow: Enterprise Model Deployment,IBM,Data Science,data science
course_4b36655b7f7a2c3e,Capstone: Applying Project Management in the Real World,Google,Business,business
course_4b3f112d5629b050,"Data Ethics, AI and Responsible Innovation",The University of Edinburgh,Data Science,data science
course_4b3f112d5629b050,"Data Ethics, AI and Responsible Innovation",The University of Edinburgh,Information Technology,information technology
course_4b4f7b77a790037f,Strategic Organization Design,Ludwig-Maximilians-Universität München (LMU),Business,business
course_4b50d47639ad21b4,Working with Objects in C++,University of London,Computer Science,computer science
course_4b7b76de09323af9,Python Programming Essentials,Rice University,Computer Science,computer science
course_4b9cc3197c3152dd,AI Fundamentals for Non-Data Scientists,University of Pennsylvania,Business,business
course_4ba75d09b4e77a3e,SAP Customer Engagement and Discovery,SAP,Business,business
course_4bbbe0dcfd490dee,Generative AI Architecture and Application Development,Edureka,Data Science,data science
course_4bce9a664cd5a728,Management of Urban Infrastructures – part 1,École Polytechnique Fédérale de Lausanne,Business,business
course_4bd0c65df7cb6653,Effective Business Presentations with Powerpoint,PwC,Business,business
course_4bd4e01a0449873a,The R Programming Environment,Johns Hopkins University,Data Science,data science
course_4c00ce9d49c4e09c,Computational Neuroscience,University of Washington,Data Science,data science
course_4c00ce9d49c4e09c,Computational Neuroscience,University of Washington,Information Technology,information technology
course_4c21a06841f1d11f,Brand and Product Management,IE Business School,Business,business
course_4c3069f7dd5f96c1,Open Source LLMOps Solutions,Duke University,Computer Science,computer science
course_4c4141cb9ee05330,Finance for Non-Finance Professionals,Rice University,Business,business
course_4c6a1ff906fd31d9,Conduct UX Research and Test Early Concepts,Google,Computer Science,computer science
course_4c6f421cbb6345b2,Relational Database Design,Illinois Tech,Computer Science,computer science
course_4c8ec2344cb45252,Sustainable Digital Innovation,EIT Digital,Business,business
course_4c9300f085edc39e,Customer Analytics,University of Pennsylvania,Business,business
course_4c9eea4a5b8efc88,Introduction to Deep Learning & Neural Networks with Keras,IBM,Data Science,data science
course_4c9eea4a5b8efc88,Introduction to Deep Learning & Neural Networks with Keras,IBM,Information Technology,information technology
course_4ca819cdb7bbb1a4,Influencer Marketing Strategy,Rutgers the State University of New Jersey,Business,business
course_4cbd3ac48717f87c,Introduction to Data Management,Meta,Data Science,data science
course_4cbd3ac48717f87c,Introduction to Data Management,Meta,Information Technology,information technology
course_4cee2d37ecb2a04f,Sequence Models,DeepLearning.AI,Data Science,data science
course_4cee2d37ecb2a04f,Sequence Models,DeepLearning.AI,Information Technology,information technology
course_4d3bcf714707b30b,Game Design and Development 2: 2D Platformer,Michigan State University,Computer Science,computer science
course_4d3f9a86c832750f,Data Analytics Methods for Marketing,Meta,Business,business
course_4d63fdcf7bee4173,Customer Relationship Management,Starweaver,Business,business
course_4d7052f6ee950ddb,Algorithms on Strings,University of California San Diego,Computer Science,computer science
course_4d7c612049184586,Artificial Intelligence: An Overview,Politecnico di Milano,Computer Science,computer science
course_4d851fb12a4f067d,Fundamentals of Java Programming,Board Infinity,Computer Science,computer science
course_4d8819d5fb542234,Agile with Atlassian Jira,Atlassian,Computer Science,computer science
course_4da7e33c1e35fd68,"Defining, Describing, and Visualizing Data",University of Colorado Boulder,Data Science,data science
course_4daef2366e7a780a,Probability and Statistics: To p or not to p?,University of London,Data Science,data science
course_4daef2366e7a780a,Probability and Statistics: To p or not to p?,University of London,Information Technology,information technology
course_4db8bc04a7d9520b,Principles of UX/UI Design,Meta,Computer Science,computer science
course_4ddda0f67d65f311,Leading transformations: Manage change,Macquarie University,Business,business
course_4e0019e7ec7e780e,Supplier Management,Rutgers the State University of New Jersey,Business,business
course_4e2f698e7d7c11d7,Risk Management and Risk Assessment in a Healthcare Setting,ISC2,Computer Science,computer science
course_4e42785ec993fd43,OKR Certification: Leadership and Goal Setting,Measure What Matters,Business,business
course_4e5b0999da5c3220,Strategic Management,Copenhagen Business School,Business,business
course_4e7b114bb9d11f0f,Product Cost and Investment Cash Flow Analysis,University of Colorado Boulder,Business,business
course_4ea73d2eb1362edf,Preparing for the SAS Programming Certification Exam,SAS,Data Science,data science
course_4ea73d2eb1362edf,Preparing for the SAS Programming Certification Exam,SAS,Information Technology,information technology
course_4ecc288ac185eeb9,Causal Inference,Columbia University,Data Science,data science
course_4ecc288ac185eeb9,Causal Inference,Columbia University,Information Technology,information technology
course_4ee84f5a6648fd03,Data-Driven Decisions with Power BI,Knowledge Accelerators,Business,business
course_4f334265709cbd8d,Workday in Action Series,Workday,Business,business
course_4f3b6736fdef9394,Data Visualization with Tableau Project,"University of California, Davis",Data Science,data science
course_4f3b6736fdef9394,Data Visualization with Tableau Project,"University of California, Davis",Information Technology,information technology
course_4f8cd4c7607e3d35,Data Science in Stratified Healthcare and Precision Medicine,The University of Edinburgh,Data Science,data science
course_4f8cd4c7607e3d35,Data Science in Stratified Healthcare and Precision Medicine,The University of Edinburgh,Information Technology,information technology
course_4faba81a1e5f5327,Machine Learning Introduction for Everyone,IBM,Data Science,data science
course_4ffb6bbe144cc9a7,SQL for Data Science Capstone Project,"University of California, Davis",Data Science,data science
course_4ffb6bbe144cc9a7,SQL for Data Science Capstone Project,"University of California, Davis",Information Technology,information technology
course_500a06b2e5986b1e,Symmetric Cryptography,University of Colorado System,Computer Science,computer science
course_5058045225d43b2d,Operations Systems Excellence,University of London,Business,business
course_507e2ad6666f358a,Introduction to DevSecOps,Johns Hopkins University,Computer Science,computer science
course_5082d38882f4e3de,MLOps Platforms: Amazon SageMaker and Azure ML,Duke University,Data Science,data science
course_5082d38882f4e3de,MLOps Platforms: Amazon SageMaker and Azure ML,Duke University,Information Technology,information technology
course_50d88ba0ab664736,Introduction to Applied Cryptography,University of London,Computer Science,computer science
course_5118f60e35583c10,Tools of the Trade: Linux and SQL,Google,Computer Science,computer science
course_5135d9a6d7279d32,"Graph Search, Shortest Paths, and Data Structures",Stanford University,Computer Science,computer science
course_513e89a2739b712f,Leading Teams,University of Michigan,Business,business
course_5144bc768ed3fd40,Create and Lead an Ethical Data-Driven Organization,CertNexus,Data Science,data science
course_51520f449298b337,Dealing With Missing Data,"University of Maryland, College Park",Data Science,data science
course_518ebb6419e12654,"Consumption, Marketing and Culture",University of London,Business,business
course_5191bb3e8df250f2,Blockchain in Financial Services: Strategic Action Plan,INSEAD,Computer Science,computer science
course_51b255fc0d5999fd,Demand Forecasting Using Time Series,LearnQuest,Data Science,data science
course_51bb4d2524d777eb,Annual Campaigns: Building a Case for Support,"University of California, Davis",Business,business
course_51c711ef30924da7,"Making Successful Decisions through the Strategy, Law & Ethics Model",University of Michigan,Business,business
course_51f2dac748927f0d,Database Design and Basic SQL in PostgreSQL,University of Michigan,Computer Science,computer science
course_525e439f801fa19b,Federal Taxation II: Property Transactions of Business Owners and Shareholders,University of Illinois Urbana-Champaign,Business,business
course_52b2a7ed39c6160f,Budgeting essentials and development,Fundação Instituto de Administração,Business,business
course_52b700628e0747d1,Generative AI for Leaders,Vanderbilt University,Business,business
course_52beac2a0e3ce3e5,Statistics in Psychological Research,American Psychological Association,Data Science,data science
course_52beac2a0e3ce3e5,Statistics in Psychological Research,American Psychological Association,Information Technology,information technology
course_5314ec9a2fc600b6,Social Media Data Analytics,University of Washington,Data Science,data science
course_5314ec9a2fc600b6,Social Media Data Analytics,University of Washington,Information Technology,information technology
course_532025558093b85f,"Start the UX Design Process: Empathize, Define, and Ideate",Google,Computer Science,computer science
course_532e90e5fcd8cee7,Intercultural Management,ESCP Business School,Business,business
course_533466c38ae65a74,Six Sigma Tools for Improve and Control,Kennesaw State University,Business,business
course_535c108b83414b34,Machine Learning for Computer Vision,MathWorks,Data Science,data science
course_535c108b83414b34,Machine Learning for Computer Vision,MathWorks,Information Technology,information technology
course_53bbe88c32929332,Effective Programming in Scala,École Polytechnique Fédérale de Lausanne,Computer Science,computer science
course_53c997b90f619279,Removing Barriers to Change,University of Pennsylvania,Business,business
course_53cbf0ced97ff650,UX Design: From Concept to Prototype,University of Michigan,Computer Science,computer science
course_544944435a7fb600,"Brand Management: Aligning Business, Brand and Behaviour",University of London,Business,business
course_546218918669eda6,Introduction to Relational Databases,Illinois Tech,Data Science,data science
course_54784f92f97f5cc8,Web3 and Blockchain Fundamentals,INSEAD,Computer Science,computer science
course_548741f8e170f75a,Introduction to Customer Service,CVS Health,Business,business
course_54e3717f1594fe4d,Professional Responsibility and Ethics for Accountants,University of Illinois Urbana-Champaign,Business,business
course_54e6c78b4f82a278,Introduction to Javascript and Ajax: Building Web Apps,Johns Hopkins University,Computer Science,computer science
course_54f849deac2b4b32,Code Free Data Science,University of California San Diego,Data Science,data science
course_54f849deac2b4b32,Code Free Data Science,University of California San Diego,Information Technology,information technology
course_55080bc264f644c4,Corporate Sustainability. Understanding and Seizing the Strategic Opportunity,Università Bocconi,Business,business
course_5587f9a347ff52f9,Turn Ethical Frameworks into Actionable Steps,CertNexus,Data Science,data science
course_5587f9a347ff52f9,Turn Ethical Frameworks into Actionable Steps,CertNexus,Information Technology,information technology
course_5593fa2058eed898,Introduction to Medical Software,Yale University,Computer Science,computer science
course_55b6030b40e0d51b,"Predictive Modeling, Model Fitting, and Regression Analysis","University of California, Irvine",Data Science,data science
course_55ba600ecaa41b86,Getting and Cleaning Data,Johns Hopkins University,Data Science,data science
course_55ba600ecaa41b86,Getting and Cleaning Data,Johns Hopkins University,Information Technology,information technology
course_56617980052d9ca8,Generative AI: Supercharge Your Product Management Career,SkillUp EdTech,Computer Science,computer science
course_566f37297b4e09c8,Leadership Skills,IIMA - IIM Ahmedabad,Business,business
course_569ac5ca8d42acc0,International Cyber Conflicts,The State University of New York,Computer Science,computer science
course_56e00d227da1eebf,Coding Interview Preparation,Meta,Computer Science,computer science
course_56f8601e6583710a,Introduction to Business Analytics with R,University of Illinois Urbana-Champaign,Business,business
course_56fb5b8f0a6244a8,"Introduction to Web Development with HTML, CSS, JavaScript",IBM,Computer Science,computer science
course_5702a02d36042228,Industrial Internet of Things (IIoT),University of Michigan,Business,business
course_572b0b01dc891f04,The Art of Storytelling,IESE Business School,Business,business
course_57721b4280621af8,Introduction to Neurohacking In R,Johns Hopkins University,Data Science,data science
course_57721b4280621af8,Introduction to Neurohacking In R,Johns Hopkins University,Information Technology,information technology
course_5773d937692ed76f,Selenium WebDriver with Python,Whizlabs,Computer Science,computer science
course_57ad7e1473934681,Database Essentials and Vulnerabilities,IBM,Computer Science,computer science
course_5801ec5480903880,Managing Employee Performance,University of Minnesota,Business,business
course_580c2313d09a7bf1,Research Proposal: Initiating Research,"University of California, Davis",Business,business
course_583e82b3d120e2e0,Foundations of Data Science: K-Means Clustering in Python,University of London,Data Science,data science
course_583e82b3d120e2e0,Foundations of Data Science: K-Means Clustering in Python,University of London,Information Technology,information technology
course_5862a44d7bdc5988,Graph Analytics for Big Data,University of California San Diego,Data Science,data science
course_5862a44d7bdc5988,Graph Analytics for Big Data,University of California San Diego,Information Technology,information technology
course_5863882a8715674a,Computer Vision with Embedded Machine Learning,Edge Impulse,Data Science,data science
course_5863882a8715674a,Computer Vision with Embedded Machine Learning,Edge Impulse,Information Technology,information technology
course_58ab273f8f5ce619,Interprofessional Healthcare Informatics,University of Minnesota,Data Science,data science
course_58ab273f8f5ce619,Interprofessional Healthcare Informatics,University of Minnesota,Information Technology,information technology
course_58b07ba8bfc4ad78,Programming with Java,Amazon,Computer Science,computer science
course_5907166855015fd7,Project Manager Engagement with Stakeholders,Microsoft,Business,business
course_593dd4dfcabdd036,Cryptography I,Stanford University,Computer Science,computer science
course_5968001aba70c5e8,An Introduction to Interactive Programming in Python (Part 1),Rice University,Computer Science,computer science
course_59b015df7d831928,Oracle SQL Basics,LearnQuest,Computer Science,computer science
course_59e85190f6f4e9ea,Digital Strategy and Business Opportunity,Digital Marketing Institute,Business,business
course_5a18951daa1d063f,Predictive Modeling and Analytics,University of Colorado Boulder,Data Science,data science
course_5a18951daa1d063f,Predictive Modeling and Analytics,University of Colorado Boulder,Information Technology,information technology
course_5a3547c0dbb30d23,Active Listening: Enhancing Communication Skills,Coursera Instructor Network,Business,business
course_5a412f153af3a37d,Operations Analytics,University of Pennsylvania,Business,business
course_5a610178981e982f,Industrial IoT Markets and Security,University of Colorado Boulder,Computer Science,computer science
course_5a69bfffdc4eb012,Databricks to Local LLMs,Duke University,Data Science,data science
course_5a69bfffdc4eb012,Databricks to Local LLMs,Duke University,Information Technology,information technology
course_5a80702f28a34848,Business Models For Sustainability,Copenhagen Business School,Business,business
course_5aeb975cbd633adf,Ethical and Regulatory Implications of Generative AI,Microsoft,Computer Science,computer science
course_5b9b4967a9558921,Sales Training: Building Your Sales Career,HubSpot Academy,Business,business
course_5bb2a33b65401582,Introduction to Object-Oriented Programming with Java,LearnQuest,Computer Science,computer science
course_5bead1d0e579c3e6,Advertising with Meta,Meta,Business,business
course_5c50317a9a50fde2,Health Data Science Foundation,University of Illinois Urbana-Champaign,Data Science,data science
course_5c50317a9a50fde2,Health Data Science Foundation,University of Illinois Urbana-Champaign,Information Technology,information technology
course_5c54fd692336d736,Preparing for the SAS® Viya® Programming Certification Exam,SAS,Data Science,data science
course_5c69ed954eb920a5,Cloud Networking,University of Illinois Urbana-Champaign,Computer Science,computer science
course_5c9296ede5746826,Data Visualization with Advanced Excel,PwC,Data Science,data science
course_5c9296ede5746826,Data Visualization with Advanced Excel,PwC,Information Technology,information technology
course_5c9a087e33283d17,Application Programming Fundamentals,LearnQuest,Computer Science,computer science
course_5cac5a334f08ba6e,Advanced Content and Social Tactics to Optimize SEO,"University of California, Davis",Business,business
course_5cce8dcb4178b164,Introduction to Programming,"Birla Institute of Technology & Science, Pilani",Computer Science,computer science
course_5d288dd0495388d4,Introduction to Microsoft Dynamics 365,Microsoft,Business,business
course_5d35d0e29b26d2de,"JavaScript, jQuery, and JSON",University of Michigan,Computer Science,computer science
course_5d492bc3ada9fd8d,"Intro to AR/VR/MR/XR: Technologies, Applications & Issues",University of Michigan,Computer Science,computer science
course_5d4f0f5f447e8eb5,IBM COBOL Software Development Process,IBM,Computer Science,computer science
course_5d53137aee66dab1,Advanced Algorithms and Complexity,University of California San Diego,Computer Science,computer science
course_5d768f9d40a83019,Machine Learning with Apache Spark,IBM,Data Science,data science
course_5d768f9d40a83019,Machine Learning with Apache Spark,IBM,Information Technology,information technology
course_5d7866046e2ceab0,Working with Data in Android,Meta,Computer Science,computer science
course_5dfc6457cb1c8cb0,Java Programming: Solving Problems with Software,Duke University,Computer Science,computer science
course_5e2a82f482fce10d,Fundamentals of Machine Learning for Supply Chain,LearnQuest,Data Science,data science
course_5e2a82f482fce10d,Fundamentals of Machine Learning for Supply Chain,LearnQuest,Information Technology,information technology
course_5e5fae1c4bb30270,The Digital Marketing Revolution,University of Illinois Urbana-Champaign,Business,business
course_5e9709b3e2871d77,What is the Metaverse?,Meta,Computer Science,computer science
course_5ed1cbb3d3cc3974,More C# Programming and Unity,University of Colorado System,Computer Science,computer science
course_5ee9b7715b257511,"Introduction to Software, Programming, and Databases",IBM,Computer Science,computer science
course_5f3866925837a6bc,Research Methodologies,Queen Mary University of London,Business,business
course_5f6cc290a1673825,Python Project for Data Science,IBM,Data Science,data science
course_5f6cc290a1673825,Python Project for Data Science,IBM,Information Technology,information technology
course_5f7157e1361dd99e,Generative AI Primer,Vanderbilt University,Business,business
course_5f8778ad922b44c9,Data-driven Decision Making,PwC,Data Science,data science
course_5f8778ad922b44c9,Data-driven Decision Making,PwC,Information Technology,information technology
course_5fe844c73b005ef6,Six Sigma and the Organization (Advanced),Kennesaw State University,Business,business
course_5feacf3089a54920,Human Factors in AI,Duke University,Data Science,data science
course_5feacf3089a54920,Human Factors in AI,Duke University,Information Technology,information technology
course_603ecfce3cc3f8db,Introduction to Test and Behavior Driven Development,IBM,Computer Science,computer science
course_6063dd9f8bd7e907,Game Development and Prototyping,Epic Games,Computer Science,computer science
course_606b6752ab6e4186,Learn to Program: The Fundamentals,University of Toronto,Computer Science,computer science
course_60748ae87b6bf7f9,Excel Fundamentals for Data Analysis,Macquarie University,Business,business
course_609876055d027395,Introduction to Generative AI,University of Colorado Boulder,Computer Science,computer science
course_60a72cf935df6b5c,Computer Vision: YOLO Custom Object Detection with Colab GPU,Packt,Data Science,data science
course_60a72cf935df6b5c,Computer Vision: YOLO Custom Object Detection with Colab GPU,Packt,Information Technology,information technology
course_60b6992a405b97bf,"Database Architecture, Scale, and NoSQL with Elasticsearch",University of Michigan,Computer Science,computer science
course_60e5856094f90395,Open Source Software Development Methods,The Linux Foundation,Computer Science,computer science
course_61211d38b1d6f757,Business Analytics,Campus BBVA,Data Science,data science
course_61211d38b1d6f757,Business Analytics,Campus BBVA,Information Technology,information technology
course_61261efc7ea72d24,Supply Chain Planning,Rutgers the State University of New Jersey,Business,business
course_61739b3b1d48baec,"Greedy Algorithms, Minimum Spanning Trees, and Dynamic Programming",Stanford University,Computer Science,computer science
course_617d9c5a62562c38,Build a Modern Computer from First Principles: Nand to Tetris Part II (project-centered course),Hebrew University of Jerusalem,Computer Science,computer science
course_6184527bfc5bcef1,C for Everyone: Structured Programming,"University of California, Santa Cruz",Computer Science,computer science
course_61afd5ed40b7b8d8,Basic Mathematics,"Birla Institute of Technology & Science, Pilani",Computer Science,computer science
course_61d24900a65b1fdd,Advanced SAS Programming Techniques,SAS,Data Science,data science
course_61d24900a65b1fdd,Advanced SAS Programming Techniques,SAS,Information Technology,information technology
course_61ee24a4901ebe41,Digital Marketing Trends,Coursera Instructor Network,Business,business
course_62002e8f4716eda0,Digital Product Management: Modern Fundamentals,University of Virginia,Business,business
course_6259fc6f3d86c1fb,"Advanced Valuation and Strategy - M&A, Private Equity, and Venture Capital",Erasmus University Rotterdam,Business,business
course_625a6b6882a22b69,Social Network Analysis,"University of California, Davis",Data Science,data science
course_625a6b6882a22b69,Social Network Analysis,"University of California, Davis",Information Technology,information technology
course_6262723b9c42ff12,Moneyball and Beyond,University of Michigan,Data Science,data science
course_6262723b9c42ff12,Moneyball and Beyond,University of Michigan,Information Technology,information technology
course_62741464348355aa,Data Science Methodology,IBM,Data Science,data science
course_62741464348355aa,Data Science Methodology,IBM,Information Technology,information technology
course_627f58389d9654a6,Business Applications of Hypothesis Testing and Confidence Interval Estimation,Rice University,Data Science,data science
course_627f58389d9654a6,Business Applications of Hypothesis Testing and Confidence Interval Estimation,Rice University,Information Technology,information technology
course_6285d5acaf431967,The fundamentals of hotel distribution,ESSEC Business School,Business,business
course_62926cae0e4a8eff,Corporate & Commercial Law I: Contracts & Employment Law,University of Illinois Urbana-Champaign,Business,business
course_62b510d540110acf,Blockchain and Business,INSEAD,Business,business
course_62c17778aa07a8c7,Market Research and Consumer Behavior,IE Business School,Business,business
course_62c55d16fd0f32ce,Code Yourself! An Introduction to Programming,The University of Edinburgh,Computer Science,computer science
course_62d0e8be32ccb4fa,Management of Fashion and Luxury Companies,Università Bocconi,Business,business
course_62fb473ace3cc003,Introduction to Applied Machine Learning,Alberta Machine Intelligence Institute,Data Science,data science
course_62fb473ace3cc003,Introduction to Applied Machine Learning,Alberta Machine Intelligence Institute,Information Technology,information technology
course_635a12e2c7455ddf,From Likes to Leads: Interact with Customers Online,Google,Business,business
course_635d1b334f2a320b,Team Management for the 6 σ Black Belt,Kennesaw State University,Business,business
course_636cd3544c7544b3,AI and Disaster Management,DeepLearning.AI,Data Science,data science
course_636cd3544c7544b3,AI and Disaster Management,DeepLearning.AI,Information Technology,information technology
course_63b63a5beea13aee,"Cloud Computing Applications, Part 1: Cloud Systems and Infrastructure",University of Illinois Urbana-Champaign,Computer Science,computer science
course_63d1f0e20511ad2c,Kali Linux,Board Infinity,Computer Science,computer science
course_63ec051c43b1cda2,Custom and Distributed Training with TensorFlow,DeepLearning.AI,Data Science,data science
course_63ec051c43b1cda2,Custom and Distributed Training with TensorFlow,DeepLearning.AI,Information Technology,information technology
course_6405c3f7f24379c1,Introduction to Project Management,IBM,Business,business
course_641f7f5cbe8ede22,Data Analysis Using Python,University of Pennsylvania,Data Science,data science
course_641f7f5cbe8ede22,Data Analysis Using Python,University of Pennsylvania,Information Technology,information technology
course_643644b7f0ba471f,Hadoop Platform and Application Framework,University of California San Diego,Data Science,data science
course_6453947a43dc1795,Optimization for Decision Making,University of Minnesota,Data Science,data science
course_6470711dbae667a5,"Assets, Threats, and Vulnerabilities",Google,Computer Science,computer science
course_64acc3c9081c919c,Communicate Effectively about Ethical Challenges in Data-Driven Technologies,CertNexus,Data Science,data science
course_64e6be0c3f380b23,Brand Management: Strategies for a Strong Brand,Coursera Instructor Network,Business,business
course_64eac65e603cc4e2,Functional Program Design in Scala,École Polytechnique Fédérale de Lausanne,Computer Science,computer science
course_65269c3ba3784ebc,"DevOps on AWS: Code, Build, and Test",Amazon Web Services,Computer Science,computer science
course_653e59a6e9edc94a,Deploy a website to Azure with Azure App Service,Microsoft,Computer Science,computer science
course_6567e668323deac4,Intermediate Object-Oriented Programming for Unity Games,University of Colorado System,Computer Science,computer science
course_65698fafe4049ede,Introduction to Programming with MATLAB,Vanderbilt University,Computer Science,computer science
course_6571bc2437aec790,Project Management: The Basics for Success,"University of California, Irvine",Business,business
course_6583723f975adf49,"Divide and Conquer, Sorting and Searching, and Randomized Algorithms",Stanford University,Computer Science,computer science
course_658fcd5bd1165f14,Fundamentals of Data Analytics in the Public Sector with R,University of Michigan,Data Science,data science
course_658fcd5bd1165f14,Fundamentals of Data Analytics in the Public Sector with R,University of Michigan,Information Technology,information technology
course_65aa3fbf97de5f5b,ESG and Climate Change,University of Pennsylvania,Business,business
course_662d9cbf51b532ba,A Scientific Approach to Innovation Management,Università Bocconi,Business,business
course_663c2f31bfb9b33e,Developing Front-End Apps with React,IBM,Computer Science,computer science
course_6654eede50363c91,Generative AI: Impact on Business and Society,University of Michigan,Data Science,data science
course_6654eede50363c91,Generative AI: Impact on Business and Society,University of Michigan,Information Technology,information technology
course_6697dad7a339028e,Developing Websites and Front-Ends with Bootstrap,IBM,Computer Science,computer science
course_66dfb750c0ae3eb0,Cybersecurity and Its Ten Domains,Kennesaw State University,Computer Science,computer science
course_66f81d4c53f58949,"Innovation Through Design: Think, Make, Break, Repeat",The University of Sydney,Business,business
course_672c7c5e8ad33e8a,Introduction to Statistical Analysis:  Hypothesis Testing,SAS,Data Science,data science
course_672c7c5e8ad33e8a,Introduction to Statistical Analysis:  Hypothesis Testing,SAS,Information Technology,information technology
course_67424f6bab5f455d,Population Health: Predictive Analytics,Universiteit Leiden,Data Science,data science
course_6748d973469ee441,Introduction to Hospitality Management in the 21st Century,Starweaver,Business,business
course_679429ec6d7a8105,Ethical Leadership Through Giving Voice to Values,University of Virginia,Business,business
course_6879540a4e816b43,Deploy and Maintain Power BI Assets and Capstone project,Microsoft,Data Science,data science
course_6879540a4e816b43,Deploy and Maintain Power BI Assets and Capstone project,Microsoft,Information Technology,information technology
course_687b0c3ec259940a,Next-Generation AI Assistant: Claude by Anthropic,Coursera Instructor Network,Data Science,data science
course_687b0c3ec259940a,Next-Generation AI Assistant: Claude by Anthropic,Coursera Instructor Network,Information Technology,information technology
course_68a30701e62dbf04,AI Workflow: Feature Engineering and Bias Detection,IBM,Data Science,data science
course_68d7e0bc65167844,Designing Autonomous AI,University of Washington,Data Science,data science
course_68d7e0bc65167844,Designing Autonomous AI,University of Washington,Information Technology,information technology
course_68f5098f43036b24,Learn HTML and CSS,Scrimba,Computer Science,computer science
course_6921cdbd6567bd35,"Extract, Transform, and Load Data",CertNexus,Data Science,data science
course_693e0f09cbe5551a,Recommendation Systems on Google Cloud,Google Cloud,Data Science,data science
course_693e0f09cbe5551a,Recommendation Systems on Google Cloud,Google Cloud,Information Technology,information technology
course_694c2ebdeb1dea91,Prototyping and Design,University of Minnesota,Computer Science,computer science
course_699f50631324a0c1,Human Decision Making and its Biases,Fractal Analytics,Data Science,data science
course_6a17b2d4854bd9a6,Programming for Everybody (Getting Started with Python),University of Michigan,Computer Science,computer science
course_6a1f71f9da15b05b,Fitting Statistical Models to Data with Python,University of Michigan,Data Science,data science
course_6a1f71f9da15b05b,Fitting Statistical Models to Data with Python,University of Michigan,Information Technology,information technology
course_6a37cc1d4f808a01,Data mining of Clinical Databases - CDSS 1,University of Glasgow,Data Science,data science
course_6a5ace2f101cc559,State Estimation and Localization for Self-Driving Cars,University of Toronto,Computer Science,computer science
course_6aa67cf18ddf2a05,Prediction and Control with Function Approximation,University of Alberta,Data Science,data science
course_6aa67cf18ddf2a05,Prediction and Control with Function Approximation,University of Alberta,Information Technology,information technology
course_6ad36a71168e78b8,Fundamentals of Web Development,Illinois Tech,Computer Science,computer science
course_6ad8c4424e4b79c7,Software Engineering: Implementation and Testing,The Hong Kong University of Science and Technology,Computer Science,computer science
course_6aeccfa9c41871b4,Use C++ to build a Crypto Trading Platform: Final System,University of London,Computer Science,computer science
course_6b1822e94303da55,Statistics for Genomic Data Science,Johns Hopkins University,Data Science,data science
course_6b1822e94303da55,Statistics for Genomic Data Science,Johns Hopkins University,Information Technology,information technology
course_6b7b0b3ce622952e,Regression Modeling in Practice,Wesleyan University,Data Science,data science
course_6ba1b27af33e1b65,Python Classes and Inheritance,University of Michigan,Computer Science,computer science
course_6bac0cdd5568bfb0,The hidden value – Lean in manufacturing and services,École des Ponts ParisTech,Business,business
course_6bb4815a62a2997b,Personal & Family Financial Planning,University of Florida,Business,business
course_6be50ac224625ff4,AI Infrastructure and Operations Fundamentals,NVIDIA,Data Science,data science
course_6be50ac224625ff4,AI Infrastructure and Operations Fundamentals,NVIDIA,Information Technology,information technology
course_6bed73cb1ce524fb,Data Analysis with Python,IBM,Data Science,data science
course_6bed73cb1ce524fb,Data Analysis with Python,IBM,Information Technology,information technology
course_6bfd7ebb689628a4,Generative AI: Business Transformation and Career Growth,IBM,Data Science,data science
course_6bfd7ebb689628a4,Generative AI: Business Transformation and Career Growth,IBM,Information Technology,information technology
course_6c2567b75423a1a6,Why Smart Executives Fail: Common Mistakes & Warning Signs,Dartmouth College,Business,business
course_6c39e0f7ad3911a4,Advanced Linear Models for Data Science 1: Least Squares,Johns Hopkins University,Data Science,data science
course_6c9154f1edc8df33,Introduction to C++ Programming and Unreal,University of Colorado System,Computer Science,computer science
course_6cb0d70db4730e9a,Introduction to Embedded Machine Learning,Edge Impulse,Data Science,data science
course_6cb0d70db4730e9a,Introduction to Embedded Machine Learning,Edge Impulse,Information Technology,information technology
course_6d79a7fddddafb03,Detect and Mitigate Ethical Risks,CertNexus,Data Science,data science
course_6d7e3b89d770ea52,Procurement & Sourcing Introduction,Rutgers the State University of New Jersey,Business,business
course_6d8dacdd94596889,Business Sustainability in the Circular Economy,University of London,Business,business
course_6dcc419141514e6f,Voice of the Customer (VoC): Enhancing Experiences,Coursera Instructor Network,Business,business
course_6e0c9b838f54d3ec,Designing an SAP Solution,SAP,Business,business
course_6e32904e9203ab5c,Data Pipelines with TensorFlow Data Services,DeepLearning.AI,Computer Science,computer science
course_6e39325c95ae9ce5,Business Metrics for Data-Driven Companies,Duke University,Data Science,data science
course_6e39325c95ae9ce5,Business Metrics for Data-Driven Companies,Duke University,Information Technology,information technology
course_6e7ae21a04aa0e74,Introduction to Android Mobile Application Development,Meta,Computer Science,computer science
course_6ebddcec48552233,Decentralized Finance (DeFi) Infrastructure,Duke University,Business,business
course_6f2058d26410664a,Data Science Capstone,Johns Hopkins University,Data Science,data science
course_6f30980b9b301621,Data Modeling in Power BI,Microsoft,Data Science,data science
course_6f30980b9b301621,Data Modeling in Power BI,Microsoft,Information Technology,information technology
course_6f368ee1e3511d89,Econometrics: Methods and Applications,Erasmus University Rotterdam,Data Science,data science
course_6f368ee1e3511d89,Econometrics: Methods and Applications,Erasmus University Rotterdam,Information Technology,information technology
course_6f8a70d68727c368,Gen AI Foundational Models for NLP & Language Understanding,IBM,Data Science,data science
course_6f8a70d68727c368,Gen AI Foundational Models for NLP & Language Understanding,IBM,Information Technology,information technology
course_6fa8c2c59ed153e6,Object-Oriented Python: Inheritance and Encapsulation,Codio,Computer Science,computer science
course_701d173f248eff16,Getting Started with Data Visualization in R,Johns Hopkins University,Data Science,data science
course_701d173f248eff16,Getting Started with Data Visualization in R,Johns Hopkins University,Information Technology,information technology
course_7065250b046d9726,Linear Regression,Illinois Tech,Data Science,data science
course_7065250b046d9726,Linear Regression,Illinois Tech,Information Technology,information technology
course_7072d17df0996902,Team Software Engineering with AI,DeepLearning.AI,Computer Science,computer science
course_70aff05c7ec4917c,Back-End Developer Capstone,Meta,Computer Science,computer science
course_70b6473263429adb,Develop an ASP.NET Core web app that consumes an API,Microsoft,Data Science,data science
course_70e3e4b74174cf8f,Probabilistic Graphical Models 1: Representation,Stanford University,Data Science,data science
course_70e3e4b74174cf8f,Probabilistic Graphical Models 1: Representation,Stanford University,Information Technology,information technology
course_713abfde26f9c3df,Data Visualization Best Practices,"University of California, Irvine",Data Science,data science
course_7141f6d4bea33756,Mediation and Conflict Resolution,ESSEC Business School,Business,business
course_71488d10bcc0369d,Networking in Google Cloud: Load Balancing,Google Cloud,Computer Science,computer science
course_7168be88f8a7d400,Natural Language Processing with Classification and Vector Spaces,DeepLearning.AI,Data Science,data science
course_7168be88f8a7d400,Natural Language Processing with Classification and Vector Spaces,DeepLearning.AI,Information Technology,information technology
course_716ee1398fa829ea,Generative AI with Large Language Models,DeepLearning.AI,Computer Science,computer science
course_718606e8e964f9c8,Agile Planning for Software Products,University of Alberta,Computer Science,computer science
course_71b310cb370f51bb,How to Build an Executive Presence,Coursera Instructor Network,Business,business
course_71b3c88637c8180b,Design Fundamentals,Adobe,Business,business
course_71c1de9a8cd520b8,Digital Content Planning and Management,University of Illinois Urbana-Champaign,Business,business
course_71eb13b7fd6fa5f0,Mastering Programming with MATLAB,Vanderbilt University,Computer Science,computer science
course_71f39170acab0e23,Functional Programming Principles in Scala (Scala 2 version),École Polytechnique Fédérale de Lausanne,Computer Science,computer science
course_7234459c0e75fe3f,Agile Meets Design Thinking,University of Virginia,Computer Science,computer science
course_723bb2dccc923d7b,Digital Media and Marketing Principles,University of Illinois Urbana-Champaign,Business,business
course_72665cea7dd97384,Sales Training: Sales Team Management,HubSpot Academy,Business,business
course_728a880a7500e6c1,Regression and Classification,University of Colorado Boulder,Data Science,data science
course_729e85938d1416fc,"Capstone: Retrieving, Processing, and Visualizing Data with Python",University of Michigan,Data Science,data science
course_729e85938d1416fc,"Capstone: Retrieving, Processing, and Visualizing Data with Python",University of Michigan,Information Technology,information technology
course_72c62ac04d56279a,Data Storage in Microsoft Azure for Associate Developers,Microsoft,Data Science,data science
course_72dc008301e4ba78,Successful AI Strategies: A CEO's Perspective,Fractal Analytics,Data Science,data science
course_72fd53ae202b347d,Introduction to Generative AI for Software Development,DeepLearning.AI,Computer Science,computer science
course_730976f69baa1520,The Ultimate ChatGPT Guide with React Native - Develop Mobile Apps,Packt,Computer Science,computer science
course_7317448212080726,Principles of Sustainable Finance,Erasmus University Rotterdam,Business,business
course_733a143dca9b7707,Introduction to Google SEO,"University of California, Davis",Business,business
course_736f8c9c0724bbea,Computational Social Science Methods,"University of California, Davis",Data Science,data science
course_736f8c9c0724bbea,Computational Social Science Methods,"University of California, Davis",Information Technology,information technology
course_7430644067424bcd,Machine Learning Algorithms,Sungkyunkwan University,Computer Science,computer science
course_743867a68fddc509,Design Thinking: Insights to Inspiration,University of Virginia,Business,business
course_7483914ce1d0d808,GIS Applications Across Industries,"University of California, Davis",Business,business
course_748aca8d54ff35de,Data Analysis with Spreadsheets and SQL,Meta,Data Science,data science
course_748aca8d54ff35de,Data Analysis with Spreadsheets and SQL,Meta,Information Technology,information technology
course_74ae61ad7c61f4b7,IBM COBOL Software Development Practices,IBM,Computer Science,computer science
course_74dcc586ce109dcb,Advancing Proficiency in U.S. Payroll Fundamentals,"Automatic Data Processing, Inc. (ADP)",Business,business
course_74e0324c09fe749c,A Complete Reinforcement Learning System (Capstone),University of Alberta,Data Science,data science
course_74e0324c09fe749c,A Complete Reinforcement Learning System (Capstone),University of Alberta,Information Technology,information technology
course_74e6e0fe20104dc1,Software Engineering: Modeling Software Systems using UML,The Hong Kong University of Science and Technology,Computer Science,computer science
course_74fe61fd33f7c307,"Spring MVC, Spring Boot  and Rest Controllers",LearnQuest,Computer Science,computer science
course_750e1ae5944bd9df,"Blockchain, Cryptoassets, and Decentralized Finance",INSEAD,Computer Science,computer science
course_7511807c2a8082ae,Microsoft Azure Machine Learning for Data Scientists,Microsoft,Data Science,data science
course_7511807c2a8082ae,Microsoft Azure Machine Learning for Data Scientists,Microsoft,Information Technology,information technology
course_753aa610b39963aa,"Problem Solving, Python Programming, and Video Games",University of Alberta,Computer Science,computer science
course_753f131773c347b6,Foundations of Cybersecurity,Google,Computer Science,computer science
course_758d3b8dd08a3d63,Enjoyable Econometrics,Erasmus University Rotterdam,Data Science,data science
course_75a8d8b9235ea565,Storytelling and influencing: Communicate with impact,Macquarie University,Business,business
course_75b128440da56cbf,Programming Fundamentals in Kotlin,Meta,Computer Science,computer science
course_75c8900040617075,Python Project: Software Engineering and Image Manipulation,University of Michigan,Computer Science,computer science
course_75e457f20256e597,Probability & Statistics for Machine Learning & Data Science,DeepLearning.AI,Computer Science,computer science
course_7645c30bb30f143c,Practice Exam for CAPM Certification,SkillUp EdTech,Business,business
course_764990566792dcd1,Computer Networks and Network Security,IBM,Computer Science,computer science
course_7677a0c286c74c90,Data Visualization,University of Illinois Urbana-Champaign,Data Science,data science
course_7677a0c286c74c90,Data Visualization,University of Illinois Urbana-Champaign,Information Technology,information technology
course_7677de8ac7f5e236,Managing Big Data in Clusters and Cloud Storage,Cloudera,Data Science,data science
course_76cc987df178dcbc,"Basic Data Descriptors, Statistical Distributions, and Application to Business Decisions",Rice University,Data Science,data science
course_76cc987df178dcbc,"Basic Data Descriptors, Statistical Distributions, and Application to Business Decisions",Rice University,Information Technology,information technology
course_76e077bea20caef3,Python Basics,University of Michigan,Computer Science,computer science
course_76efcccff5c9a9d2,React Native: Developing Android and iOS Apps,SkillUp EdTech,Computer Science,computer science
course_774388379f0eb745,SQL for Data Science with R,IBM,Data Science,data science
course_774388379f0eb745,SQL for Data Science with R,IBM,Information Technology,information technology
course_777877151150572e,Experimental Design Basics,Arizona State University,Data Science,data science
course_777877151150572e,Experimental Design Basics,Arizona State University,Information Technology,information technology
course_778fb8128c3de3dd,Python and Statistics for Financial Analysis,The Hong Kong University of Science and Technology,Business,business
course_779cfe4dd6a3c12a,AI Workflow: Business Priorities and Data Ingestion,IBM,Data Science,data science
course_779cfe4dd6a3c12a,AI Workflow: Business Priorities and Data Ingestion,IBM,Information Technology,information technology
course_77ab604582eaa213,GenAI for UX Designers,Coursera Instructor Network,Data Science,data science
course_77ab604582eaa213,GenAI for UX Designers,Coursera Instructor Network,Information Technology,information technology
course_77e573ff6669a008,Generative AI for Data Science with Copilot,Microsoft,Data Science,data science
course_77e573ff6669a008,Generative AI for Data Science with Copilot,Microsoft,Information Technology,information technology
course_7850c2c84d71e811,Blockchain Platforms,University at Buffalo,Computer Science,computer science
course_78c8c6775d0c2e12,Project Management Fundamentals,Microsoft,Business,business
course_78d539f4b9f789de,Generative AI Foundations,Edureka,Data Science,data science
course_78d765444d1b0677,Data Visualization in Excel,Macquarie University,Business,business
course_78e398f30fc27094,Regression Models,Johns Hopkins University,Data Science,data science
course_78e398f30fc27094,Regression Models,Johns Hopkins University,Information Technology,information technology
course_78fb26ab01c3fe37,Meta Social Media Marketing Capstone,Meta,Business,business
course_7928dc8fa1d5b6a2,Introduction to Vertex AI,Fractal Analytics,Data Science,data science
course_7965a8678b2e7d58,Exploratory Data Analysis for the Public Sector with ggplot,University of Michigan,Data Science,data science
course_7965a8678b2e7d58,Exploratory Data Analysis for the Public Sector with ggplot,University of Michigan,Information Technology,information technology
course_79d8ff4df9472f6d,Practical SAS Programming and Certification Review,SAS,Data Science,data science
course_79d8ff4df9472f6d,Practical SAS Programming and Certification Review,SAS,Information Technology,information technology
course_7a26bbda74ec6845,Introduction to Operations Management,University of Pennsylvania,Business,business
course_7a47fd0683836fe5,"C++ For C Programmers, Part B","University of California, Santa Cruz",Computer Science,computer science
course_7a4c09adba90b3d2,Wharton Business and Financial Modeling Capstone,University of Pennsylvania,Business,business
course_7a51101652fa1223,Artificial Intelligence Algorithms Models and Limitations,LearnQuest,Data Science,data science
course_7a51101652fa1223,Artificial Intelligence Algorithms Models and Limitations,LearnQuest,Information Technology,information technology
course_7a8b1d4dc517d810,Privacy Law and Data Protection,University of Pennsylvania,Business,business
course_7aa6ca32a4995580,Customer-Centric IT Strategy,University of Virginia,Business,business
course_7aafc624422e08d8,Prompt Engineering for ChatGPT,Vanderbilt University,Data Science,data science
course_7aafc624422e08d8,Prompt Engineering for ChatGPT,Vanderbilt University,Information Technology,information technology
course_7ab61e2f39df044c,Credit Risk Management: Frameworks and Strategies,New York Institute of Finance,Business,business
course_7aca07f376c96559,"Business Intelligence Concepts, Tools, and Applications",University of Colorado System,Data Science,data science
course_7b2e7a527bb67633,"Flutter and Dart: Developing iOS, Android, and Mobile Apps",IBM,Computer Science,computer science
course_7b4d2f26196969eb,Researcher's guide to DNA sequencing data,Fred Hutchinson Cancer Center,Data Science,data science
course_7b5dea793b075237,Regression Analysis: Simplify Complex Data Relationships,Google,Data Science,data science
course_7b5dea793b075237,Regression Analysis: Simplify Complex Data Relationships,Google,Information Technology,information technology
course_7b8a37eed1bba41f,"Engineering Project Management: Scope, Time and Cost Management",Rice University,Business,business
course_7b9e5a0f5643dd63,Agile Project Management,Google,Business,business
course_7bb3b76db990b64a,Creating Change through Social Entrepreneurship,Yale University,Business,business
course_7c1d2fc91a5f267d,Machine Learning: Classification,University of Washington,Data Science,data science
course_7c1d2fc91a5f267d,Machine Learning: Classification,University of Washington,Information Technology,information technology
course_7c299b8cfac9b1ac,Functional Programming Principles in Scala,École Polytechnique Fédérale de Lausanne,Computer Science,computer science
course_7c852277796332fb,Google AI Essentials,Google,Data Science,data science
course_7c852277796332fb,Google AI Essentials,Google,Information Technology,information technology
course_7cb4ac47ba0f47e6,Statistical Inference for Estimation in Data Science,University of Colorado Boulder,Data Science,data science
course_7cb4ac47ba0f47e6,Statistical Inference for Estimation in Data Science,University of Colorado Boulder,Information Technology,information technology
course_7cb71d4e044c88a6,Relational Database Implementation and Applications,Illinois Tech,Data Science,data science
course_7cb71d4e044c88a6,Relational Database Implementation and Applications,Illinois Tech,Information Technology,information technology
course_7cbf87879bdca78e,Project Management Capstone,IBM,Business,business
course_7ccaf28e89efd0fa,Generative AI Engineering and Fine-Tuning Transformers,IBM,Data Science,data science
course_7ccaf28e89efd0fa,Generative AI Engineering and Fine-Tuning Transformers,IBM,Information Technology,information technology
course_7cecfffa2b321fef,"Introduction to HTML, CSS, & JavaScript",IBM,Computer Science,computer science
course_7d07890ee192fe21,AI For Everyone,DeepLearning.AI,Business,business
course_7d3e6b07052b3487,Problem Solving with Excel,PwC,Data Science,data science
course_7d3e6b07052b3487,Problem Solving with Excel,PwC,Information Technology,information technology
course_7d6d36682211c978,IBM COBOL Data and File Management,IBM,Computer Science,computer science
course_7d746ca013ee9665,Managing the Company of the Future,University of London,Business,business
course_7da2f2df445282e6,Address Business Issues with Data Science,CertNexus,Data Science,data science
course_7e173b6a8448181c,SQL: A Practical Introduction for Querying Databases,IBM,Data Science,data science
course_7e173b6a8448181c,SQL: A Practical Introduction for Querying Databases,IBM,Information Technology,information technology
course_7e4b9699c0a2b1cc,Foundations of Machine Learning,Fractal Analytics,Data Science,data science
course_7e816e0c2767bab7,Google Data Analytics Capstone: Complete a Case Study,Google,Data Science,data science
course_7e816e0c2767bab7,Google Data Analytics Capstone: Complete a Case Study,Google,Information Technology,information technology
course_7e947bed631431c4,ML Pipelines on Google Cloud,Google Cloud,Data Science,data science
course_7e947bed631431c4,ML Pipelines on Google Cloud,Google Cloud,Information Technology,information technology
course_7eec1faa47275994,Applied Data Science Capstone,IBM,Data Science,data science
course_7eec1faa47275994,Applied Data Science Capstone,IBM,Information Technology,information technology
course_7f021ea46aea0c1d,Building Generative AI-Powered Applications with Python,IBM,Data Science,data science
course_7f021ea46aea0c1d,Building Generative AI-Powered Applications with Python,IBM,Information Technology,information technology
course_7f3c85b10b52cac8,Managing as a Coach,"University of California, Davis",Business,business
course_7f418b3c3a1018bc,Fundamentals of Data Visualization,University of Colorado Boulder,Data Science,data science
course_7f5396dd12e8ba4e,Introduction to Java and Object-Oriented Programming,University of Pennsylvania,Computer Science,computer science
course_7f5c9e1b65aea19f,Lean Software Development,University of Minnesota,Computer Science,computer science
course_7f5fd64f98b04a2c,Creative Thinking and Innovation,The University of Sydney,Business,business
course_7f65886ab7ae7c23,Learn React,Scrimba,Computer Science,computer science
course_7f8798c2730b2034,Oracle Database Foundations,LearnQuest,Computer Science,computer science
course_7f8bb1aedc90721b,Computational Methods in Pricing and Model Calibration,Columbia University,Business,business
course_7fa146f218331d4e,Bayesian Computational Statistics,Illinois Tech,Data Science,data science
course_7fa146f218331d4e,Bayesian Computational Statistics,Illinois Tech,Information Technology,information technology
course_7fbb9c000b5250b9,Quality Improvement and Management,Board Infinity,Business,business
course_7fc47ec0afdb355a,UI Automation and Selectors,UiPath,Computer Science,computer science
course_7fda964f81c2a9df,Sample-based Learning Methods,University of Alberta,Data Science,data science
course_7fda964f81c2a9df,Sample-based Learning Methods,University of Alberta,Information Technology,information technology
course_7fe7eb162d7214a9,Scalable Machine Learning on Big Data using Apache Spark,IBM,Data Science,data science
course_800988679a5eaf99,Applied Text Mining in Python,University of Michigan,Data Science,data science
course_800988679a5eaf99,Applied Text Mining in Python,University of Michigan,Information Technology,information technology
course_802176ff9e124a93,Interactivity with JavaScript,University of Michigan,Computer Science,computer science
course_804c6db360b94c03,Calculus for Machine Learning and Data Science,DeepLearning.AI,Computer Science,computer science
course_806a1ab524277ce8,"FinTech: Foundations, Payments, and Regulations",University of Pennsylvania,Business,business
course_8075631bf4c89a53,"Data Wrangling, Analysis and AB Testing with SQL","University of California, Davis",Data Science,data science
course_8075631bf4c89a53,"Data Wrangling, Analysis and AB Testing with SQL","University of California, Davis",Information Technology,information technology
course_80b50ea9b0f4c3ee,Preparing to Manage Human Resources,University of Minnesota,Business,business
course_80ba5061b4b1aa5e,Principles of fMRI 2,Johns Hopkins University,Data Science,data science
course_80ba5061b4b1aa5e,Principles of fMRI 2,Johns Hopkins University,Information Technology,information technology
course_80c72fe5d08c9663,Introduction to Risk Management,"University of California, Irvine",Computer Science,computer science
course_810c524ee4953759,Introduction to Clinical Data,Stanford University,Data Science,data science
course_810c524ee4953759,Introduction to Clinical Data,Stanford University,Information Technology,information technology
course_811070f2032ad4b6,Understanding and Visualizing Data with Python,University of Michigan,Data Science,data science
course_811070f2032ad4b6,Understanding and Visualizing Data with Python,University of Michigan,Information Technology,information technology
course_81357ef825cda79e,Mathematics for Machine Learning: PCA,Imperial College London,Data Science,data science
course_81357ef825cda79e,Mathematics for Machine Learning: PCA,Imperial College London,Information Technology,information technology
course_81454f3763826b5c,The Business of Product Management II,Advancing Women in Tech,Computer Science,computer science
course_81560e2b890af4c6,Python for Data Science,Fractal Analytics,Data Science,data science
course_8197debabf81dd6d,Introduction to Graph Theory,University of California San Diego,Computer Science,computer science
course_819a18942b94fbe1,Financial Forecasting and Reporting,University of Colorado Boulder,Business,business
course_8212babd385ad7af,Introduction to Software Testing,University of Minnesota,Computer Science,computer science
course_8235e719c81704bd,Natural Language Processing with Probabilistic Models,DeepLearning.AI,Data Science,data science
course_8235e719c81704bd,Natural Language Processing with Probabilistic Models,DeepLearning.AI,Information Technology,information technology
course_8289ba794824e1ce,Branding and Customer Experience,IE Business School,Business,business
course_82a46571f6425506,UX Design in Practice: Accessibility and Collaboration,Microsoft,Computer Science,computer science
course_82dc0f00703155bd,Python Basics: Selection and Iteration,Codio,Computer Science,computer science
course_8358387134ce57c7,Web Design for Everybody Capstone,University of Michigan,Computer Science,computer science
course_83a27a9c3731816e,"Application of AI, InsurTech, and Real Estate Technology",University of Pennsylvania,Business,business
course_83a53d922675aa0e,Using Databases with Python,University of Michigan,Computer Science,computer science
course_845702d30f13ce47,AutoCAD 2023 Masterclass - Produce Amazing Site Plans,Packt,Computer Science,computer science
course_846592270f9f0bb9,Number Theory and Cryptography,University of California San Diego,Computer Science,computer science
course_846e6902328662f8,Marketing Analytics,University of Virginia,Business,business
course_847b3eb50df14077,Practice Exam for AIPMM Certified Product Manager (CPM),SkillUp EdTech,Business,business
course_84a367698e9e5531,Strategy and Sustainability,IESE Business School,Business,business
course_8504f6480544017b,Microsoft PL-300 Exam Preparation and Practice,Microsoft,Data Science,data science
course_8504f6480544017b,Microsoft PL-300 Exam Preparation and Practice,Microsoft,Information Technology,information technology
course_852182c7af95798f,The Manager's Toolkit: A Practical Guide to Managing People at Work,University of London,Business,business
course_8544a628ef2c5a23,Optimizing Diversity on Teams,University of Pennsylvania,Business,business
course_8551aa89a00ba4d9,International Organizations Management,University of Geneva,Business,business
course_85adf0d29236e69a,Smart Contracts,University at Buffalo,Computer Science,computer science
course_85e263da34315a74,Foundations of Strategy,IE Business School,Business,business
course_85efdea866feda72,Artificial Intelligence in Marketing,University of Virginia,Business,business
course_8633b9a4df4ee176,Machine Learning: Concepts and Applications,The University of Chicago,Data Science,data science
course_8633b9a4df4ee176,Machine Learning: Concepts and Applications,The University of Chicago,Information Technology,information technology
course_864abf9e2e18d75f,Introduction to R Programming and Tidyverse,University of Colorado Boulder,Data Science,data science
course_865cd2c032daf16c,"Dynamic Programming, Greedy Algorithms",University of Colorado Boulder,Computer Science,computer science
course_8667510c2164ebe5,Bayesian Statistics: From Concept to Data Analysis,"University of California, Santa Cruz",Data Science,data science
course_8667510c2164ebe5,Bayesian Statistics: From Concept to Data Analysis,"University of California, Santa Cruz",Information Technology,information technology
course_86759708366caaa6,RPA Basics and Introduction to UiPath,UiPath,Computer Science,computer science
course_867871469f38d272,Object-Oriented Data Structures in C++,University of Illinois Urbana-Champaign,Computer Science,computer science
course_8720f774c937249b,Frontend for Java Full Stack Development,Board Infinity,Computer Science,computer science
course_87302206af87ac53,Using Machine Learning in Trading and Finance,New York Institute of Finance,Data Science,data science
course_87302206af87ac53,Using Machine Learning in Trading and Finance,New York Institute of Finance,Information Technology,information technology
course_8772a57d700339c7,Visualization for Data Journalism,University of Illinois Urbana-Champaign,Data Science,data science
course_8772a57d700339c7,Visualization for Data Journalism,University of Illinois Urbana-Champaign,Information Technology,information technology
course_87a3b29675e73290,Enterprise and Infrastructure Security,New York University,Computer Science,computer science
course_87a68ba6509e7df0,Introduction to Statistics,Stanford University,Data Science,data science
course_87a68ba6509e7df0,Introduction to Statistics,Stanford University,Information Technology,information technology
course_87b29c6a0a0c010e,Introduction to Risk Management,New York Institute of Finance,Business,business
course_87bfd3791f62dcd8,Automate Cybersecurity Tasks with Python,Google,Computer Science,computer science
course_87d9446c76610999,Fundamentals of Generative AI for Beginners,Amazon Web Services,Computer Science,computer science
course_882e7b066886fcac,Algorithmic Toolbox,University of California San Diego,Computer Science,computer science
course_8833188488a9b9f5,Food & Beverage Management,Università Bocconi,Business,business
course_88341fd10fb5420f,Create Machine Learning Models in Microsoft Azure,Microsoft,Computer Science,computer science
course_88423c6472aa6cbd,SAS Macro Language,SAS,Computer Science,computer science
course_884d8817b664a14e,AI Strategy and Governance,University of Pennsylvania,Data Science,data science
course_884d8817b664a14e,AI Strategy and Governance,University of Pennsylvania,Information Technology,information technology
course_88b2cb33b55a79eb,Fundamentals of Marketing Strategy,University of London,Business,business
course_88bf1c14624f3a18,Generative AI Advance Fine-Tuning for LLMs,IBM,Data Science,data science
course_88bf1c14624f3a18,Generative AI Advance Fine-Tuning for LLMs,IBM,Information Technology,information technology
course_88d6fd18f4a0615a,Organizational Analysis,Stanford University,Business,business
course_88fdcb3683382b0d,The Unix Workbench,Johns Hopkins University,Data Science,data science
course_88fdcb3683382b0d,The Unix Workbench,Johns Hopkins University,Information Technology,information technology
course_892befc1b9b22e0c,Sales and CRM Overview,Salesforce,Business,business
course_893c857bd33dddda,Architecting Smart IoT Devices,EIT Digital,Computer Science,computer science
course_896287b672c835c1,Decentralized Finance (DeFi) Primitives,Duke University,Business,business
course_89b652b09c0faa9b,AI Workflow: Data Analysis and Hypothesis Testing,IBM,Data Science,data science
course_89b930a90ad43d76,Scripting with Python and SQL for Data Engineering,Duke University,Data Science,data science
course_89b930a90ad43d76,Scripting with Python and SQL for Data Engineering,Duke University,Information Technology,information technology
course_89f4f4a35e355fbd,DevOps Capstone Project,IBM,Computer Science,computer science
course_89f97ad1fc39a99c,Applied Machine Learning in Python,University of Michigan,Data Science,data science
course_89f97ad1fc39a99c,Applied Machine Learning in Python,University of Michigan,Information Technology,information technology
course_8a3cde9197a08e22,Generative AI: Prompt Engineering Basics,IBM,Data Science,data science
course_8a3cde9197a08e22,Generative AI: Prompt Engineering Basics,IBM,Information Technology,information technology
course_8a8098dfd0eed811,Hypothesis-Driven Development,University of Virginia,Computer Science,computer science
course_8ade7b7a2b0a4f1c,"Designing, Running, and Analyzing Experiments",University of California San Diego,Computer Science,computer science
course_8b1188a499256dd0,Machine Learning Foundations for Product Managers,Duke University,Data Science,data science
course_8b1188a499256dd0,Machine Learning Foundations for Product Managers,Duke University,Information Technology,information technology
course_8b4072c1c28b41cc,Modeling Data in Power BI,Microsoft,Data Science,data science
course_8b4072c1c28b41cc,Modeling Data in Power BI,Microsoft,Information Technology,information technology
course_8b8b70af343fd788,GenAI for Project Managers: Scaling with GenAI,Coursera Instructor Network,Data Science,data science
course_8b9ea2361854077f,Six Sigma Tools for Define and Measure,Kennesaw State University,Business,business
course_8bbbf7b44dbca476,JavaScript Full Stack Capstone Project,IBM,Computer Science,computer science
course_8be01f6be188f9b2,Excel Basics for Data Analysis,IBM,Data Science,data science
course_8be01f6be188f9b2,Excel Basics for Data Analysis,IBM,Information Technology,information technology
course_8be57e2167e78669,Design Principles: an Introduction,University of California San Diego,Computer Science,computer science
course_8c0e3105c00695d9,Generative AI for University Leaders,Vanderbilt University,Data Science,data science
course_8c1d00763e9badc9,Linux Embedded System Topics and Projects,University of Colorado Boulder,Computer Science,computer science
course_8c46a6efa771e1e4,Exploratory Data Analysis for Machine Learning,IBM,Data Science,data science
course_8c46a6efa771e1e4,Exploratory Data Analysis for Machine Learning,IBM,Information Technology,information technology
course_8c53fda2c7c56166,"Intro to Analytic Thinking, Data Science, and Data Mining","University of California, Irvine",Data Science,data science
course_8c5b3a802e9cad66,Train Machine Learning Models,CertNexus,Data Science,data science
course_8c5b3a802e9cad66,Train Machine Learning Models,CertNexus,Information Technology,information technology
course_8c6d62dd6403bb21,Follow a Machine Learning Workflow,CertNexus,Data Science,data science
course_8cc08d127c46283e,Finance of Mergers and Acquisitions: Valuation and Pricing,University of Illinois Urbana-Champaign,Business,business
course_8ccba5d49dee6b74,Formal Financial Accounting,University of Illinois Urbana-Champaign,Business,business
course_8d14eaf71eb55982,Build a Modern Computer from First Principles: From Nand to Tetris (Project-Centered Course),Hebrew University of Jerusalem,Computer Science,computer science
course_8d4addc30dd7ffea,Introduction to User Experience Principles and Processes,University of Michigan,Computer Science,computer science
course_8d4c3b7d6135feb9,Navigating Generative AI Risks for Leaders,Coursera,Data Science,data science
course_8da5e1420b097e1f,"Trees, SVM and Unsupervised Learning",University of Colorado Boulder,Data Science,data science
course_8e04f84e43270421,Operations and Process Management,Illinois Tech,Business,business
course_8e160b44c50217f6,Evaluations of AI Applications in Healthcare,Stanford University,Data Science,data science
course_8e160b44c50217f6,Evaluations of AI Applications in Healthcare,Stanford University,Information Technology,information technology
course_8e291e9ba2668364,Designing the Organization,University of Illinois Urbana-Champaign,Business,business
course_8e6897b732f071f9,Object-Oriented C++: Inheritance and Encapsulation,Codio,Computer Science,computer science
course_8e84b70bd5b1b6c4,Getting Started with SAS Programming,SAS,Data Science,data science
course_8e84b70bd5b1b6c4,Getting Started with SAS Programming,SAS,Information Technology,information technology
course_8ead199d2e2a7a39,Modernize Infrastructure and Applications with Google Cloud,Google Cloud,Business,business
course_8eb6bd9a9e4c9bf2,Process Groups and Processes in Project Management,Microsoft,Business,business
course_8ec462ce6dc2e58c,Data Processing Using Python,Nanjing University,Computer Science,computer science
course_8edfe897ae7019e9,Kotlin for Java Developers,JetBrains,Computer Science,computer science
course_8efc9c6d3a023b00,Learn to Program: Crafting Quality Code,University of Toronto,Computer Science,computer science
course_8f12df33075bf753,Financial Planning,Indian School of Business,Business,business
course_8f3cab18ad4fd6f0,Launching into Machine Learning,Google Cloud,Data Science,data science
course_8f3cab18ad4fd6f0,Launching into Machine Learning,Google Cloud,Information Technology,information technology
course_8f59b4ff8e4a9d07,Behavioral Finance,Duke University,Business,business
course_8f651eea174da0fa,Front-End Development Capstone Project,IBM,Computer Science,computer science
course_8f671ed53011bf94,Excel Modeling for Professionals: Best Practices & Pitfalls,Erasmus University Rotterdam,Business,business
course_8fdc29877e6fc021,Introduction to Social Media Marketing,Meta,Business,business
course_8fe6c778e2097890,C++ Programming: Classes and Data,University of London,Computer Science,computer science
course_903ffcea162cf090,Software Architecture,University of Alberta,Computer Science,computer science
course_9042690d86c11adf,Becoming a changemaker: Introduction to Social Innovation,University of Cape Town,Business,business
course_904334129b12bdf8,Python Data Structures,University of Michigan,Computer Science,computer science
course_90a1fc40ce6d3efa,Securing Linux Systems,LearnQuest,Computer Science,computer science
course_91aef2c2b7b00496,Introduction to Neural Networks and PyTorch,IBM,Data Science,data science
course_91aef2c2b7b00496,Introduction to Neural Networks and PyTorch,IBM,Information Technology,information technology
course_91af28889daa5780,Data Collection and Processing with Python,University of Michigan,Computer Science,computer science
course_925c55995f9ab3e1,Business Strategy in Practice (Project-centered Course),University of Virginia,Business,business
course_92a3bd39bfc14de6,"Excel/VBA for Creative Problem Solving, Part 1",University of Colorado Boulder,Computer Science,computer science
course_92a8b3039b7f08f0,Building a Generative AI-Ready Organization,Amazon Web Services,Data Science,data science
course_92bedd2df3b1d340,Applied ChatGPT for Cybersecurity,Infosec,Computer Science,computer science
course_92c22da27cf6deaf,Engineering Practices for Building Quality Software,University of Minnesota,Computer Science,computer science
course_92f045ff9c459e8b,Advanced Programming in Kotlin,Meta,Computer Science,computer science
course_930adc05faf26a2d,Prepare Data for Exploration,Google,Data Science,data science
course_930adc05faf26a2d,Prepare Data for Exploration,Google,Information Technology,information technology
course_934675cc4c21c35f,"Python Functions, Files, and Dictionaries",University of Michigan,Computer Science,computer science
course_9352dd9d0c9cc7a1,Advanced Microsoft Power BI,Edureka,Data Science,data science
course_9352dd9d0c9cc7a1,Advanced Microsoft Power BI,Edureka,Information Technology,information technology
course_9382ed35930d4abd,Business intelligence and data warehousing,Universidad Nacional Autónoma de México,Data Science,data science
course_938ac7193f7403f4,Data Analytics for Lean Six Sigma,University of Amsterdam,Data Science,data science
course_938ac7193f7403f4,Data Analytics for Lean Six Sigma,University of Amsterdam,Information Technology,information technology
course_93a65f6d440b9202,Get Started with iOS App Development,SkillUp EdTech,Computer Science,computer science
course_9400a1536a27316b,Linux Basics: The Command Line Interface - 6,Dartmouth College,Computer Science,computer science
course_942d9ddd19739503,Node.js & MongoDB: Developing Back-end Database Applications,IBM,Computer Science,computer science
course_9431f10dac092d17,Forex - Trading Around the World,Interactive Brokers,Business,business
course_9456d9082dbbc6e0,Systems Thinking Basics,Coursera Instructor Network,Business,business
course_94722743fadf11ac,Project Management Fundamentals,LearnKartS,Business,business
course_9483eec81ab3773e,"Cluster Analysis, Association Mining, and Model Evaluation","University of California, Irvine",Data Science,data science
course_94bf420cd0350135,Introduction to Machine Learning,Duke University,Data Science,data science
course_94bf420cd0350135,Introduction to Machine Learning,Duke University,Information Technology,information technology
course_95200566bece4f8a,Introduction to Management Consulting,Emory University,Business,business
course_955f7fd216eb5fcd,"The Power of Machine Learning: Boost Business, Accumulate Clicks, Fight Fraud, and Deny Deadbeats",SAS,Data Science,data science
course_955f7fd216eb5fcd,"The Power of Machine Learning: Boost Business, Accumulate Clicks, Fight Fraud, and Deny Deadbeats",SAS,Information Technology,information technology
course_9564d5cd08164b9d,Practical Python for AI Coding 1,Korea Advanced Institute of Science and Technology(KAIST),Computer Science,computer science
course_95861e14b95cd423,Advanced Learning Algorithms,DeepLearning.AI,Data Science,data science
course_95861e14b95cd423,Advanced Learning Algorithms,DeepLearning.AI,Information Technology,information technology
course_9589d000c4dfeea9,Graphic Design,University of Colorado Boulder,Business,business
course_961a56c7d7bc78d9,Introduction to Augmented Reality and ARCore,Google AR & VR,Computer Science,computer science
course_965526afc4c0e86c,Corporate Strategy,University of Illinois Urbana-Champaign,Business,business
course_965531cad3852cf9,Marketing Analytics with Meta,Meta,Business,business
course_96f88aae36d48266,What is Compliance?,University of Pennsylvania,Business,business
course_97258a17f20750c5,Capstone Project: Advanced AI for Drug Discovery,LearnQuest,Data Science,data science
course_974e1c249b9ef70f,Financial Accounting Fundamentals,University of Virginia,Business,business
course_975b3ec357f9cfb6,Data Analysis Using SQL,Fractal Analytics,Data Science,data science
course_975b3ec357f9cfb6,Data Analysis Using SQL,Fractal Analytics,Information Technology,information technology
course_975d7c0bd8a8ebc6,Compliance and Risk Management,HRCI,Business,business
course_976ca0f02be44f65,Establishing Product-Market Fit,"University of Maryland, College Park",Business,business
course_977e7762060ac2bb,Introduction to iOS Mobile Application Development,Meta,Computer Science,computer science
course_979fbfac97c8b96c,Qualitative Research,"University of California, Davis",Business,business
course_97b968bd744a0af9,Social Media and Digital Marketing Fundamentals,Digital Marketing Institute,Business,business
course_97cd3d5eda926268,Finance for Non-Financial Professionals,"University of California, Irvine",Business,business
course_980b8ca0631ddae0,Promote the Ethical Use of Data-Driven Technologies,CertNexus,Data Science,data science
course_980b8ca0631ddae0,Promote the Ethical Use of Data-Driven Technologies,CertNexus,Information Technology,information technology
course_98381a4709395861,Learn OpenAI's Assistant API,Scrimba,Computer Science,computer science
course_984d22fa4789f8e8,Financial Statement Analysis,Intuit,Business,business
course_98502ebaa100c717,AI Capstone Project with Deep Learning,IBM,Data Science,data science
course_98502ebaa100c717,AI Capstone Project with Deep Learning,IBM,Information Technology,information technology
course_98618fd75704b4a9,Construction Finance,Columbia University,Business,business
course_988be496b0d75493,Six Sigma Advanced Improve and Control Phases,Kennesaw State University,Business,business
course_989c6f0c37673f3c,Bayesian Statistics,Duke University,Data Science,data science
course_989c6f0c37673f3c,Bayesian Statistics,Duke University,Information Technology,information technology
course_9934ca095cbba79e,Frontend Development using Angular,Board Infinity,Computer Science,computer science
course_9951db45f968ba97,Analyzing Big Data with SQL,Cloudera,Data Science,data science
course_995e8270ac4f8437,Linux System Programming and Introduction to Buildroot,University of Colorado Boulder,Computer Science,computer science
course_9962b2805c06d125,Framework for Data Collection and Analysis,"University of Maryland, College Park",Data Science,data science
course_9962b2805c06d125,Framework for Data Collection and Analysis,"University of Maryland, College Park",Information Technology,information technology
course_99637d34f663724d,Cryptography and Hashing Overview,"University of California, Irvine",Computer Science,computer science
course_9974957cc325b649,Procurement Basics,Rutgers the State University of New Jersey,Business,business
course_997cd9241941ee87,Companies and climate change,ESSEC Business School,Business,business
course_99986f16c273b067,Data Analysis and Reporting in SAS Visual Analytics,SAS,Data Science,data science
course_99b9d2b5061c9c39,Managing Project Risks and Changes,"University of California, Irvine",Business,business
course_99bc43162fa36cb5,Talent Acquisition,HRCI,Business,business
course_99c24e387ea02743,Matrix Factorization and Advanced Techniques,University of Minnesota,Data Science,data science
course_99c24e387ea02743,Matrix Factorization and Advanced Techniques,University of Minnesota,Information Technology,information technology
course_99d903c15ac8a5bf,120 Quick Stata Tips,Packt,Data Science,data science
course_9a693f580727a18f,Building Cloud Services with the Java Spring Framework,Vanderbilt University,Computer Science,computer science
course_9ade76019e2c1a9c,Apply Generative Adversarial Networks (GANs),DeepLearning.AI,Data Science,data science
course_9ade76019e2c1a9c,Apply Generative Adversarial Networks (GANs),DeepLearning.AI,Information Technology,information technology
course_9ae5fea63df25915,Meeting Investors' Goals,University of Geneva,Business,business
course_9b12c156fcd498c8,Accounting Analytics,University of Pennsylvania,Business,business
course_9b186836650351ae,C++ Class Development,University of Colorado System,Computer Science,computer science
course_9b516d5ac8824b29,Design Thinking for Innovation,University of Virginia,Business,business
course_9b7bf4a37852682e,Learning and Development,HRCI,Business,business
course_9bd0993d1899bd33,IBM COBOL Basics,IBM,Computer Science,computer science
course_9bf142b11328820b,Introduction to Object-Oriented Programming in C++,University of London,Computer Science,computer science
course_9c23481e2a96a7a8,Structuring Machine Learning Projects,DeepLearning.AI,Data Science,data science
course_9c23481e2a96a7a8,Structuring Machine Learning Projects,DeepLearning.AI,Information Technology,information technology
course_9c23f3b5b8491618,Fundamentals of Data Analysis,LearnQuest,Data Science,data science
course_9ced4babb2fec492,Introduction to Python,Arizona State University,Computer Science,computer science
course_9d618059242da544,Application Development using Microservices and Serverless,IBM,Computer Science,computer science
course_9db408e7415cd569,Data Visualization and Communication with Tableau,Duke University,Data Science,data science
course_9db408e7415cd569,Data Visualization and Communication with Tableau,Duke University,Information Technology,information technology
course_9dcaebf6c7b98b3d,Data Engineering with Rust,Duke University,Data Science,data science
course_9dcaebf6c7b98b3d,Data Engineering with Rust,Duke University,Information Technology,information technology
course_9dcb3f3b9a037be2,Attract and Engage Customers with Digital Marketing,Google,Business,business
course_9dd93e5969f9f474,Introduction to Vertex AI Studio,Google Cloud,Computer Science,computer science
course_9ddfb98fb2b4ba3d,Introduction to Automated Analysis,University of Minnesota,Computer Science,computer science
course_9de0bfec316ebd3f,"Writing, Running, and Fixing Code in C",Duke University,Computer Science,computer science
course_9de88061220e27e7,Machine Learning Basics,Sungkyunkwan University,Computer Science,computer science
course_9e1f688b581dc871,How Computers Work,University of London,Computer Science,computer science
course_9e30377493ebcd1a,Geospatial Analysis with ArcGIS,"University of California, Davis",Data Science,data science
course_9e30377493ebcd1a,Geospatial Analysis with ArcGIS,"University of California, Davis",Information Technology,information technology
course_9e881030d82f9adf,"DevOps, DataOps, MLOps",Duke University,Data Science,data science
course_9e881030d82f9adf,"DevOps, DataOps, MLOps",Duke University,Information Technology,information technology
course_9ecf3d81f56a873f,Artificial Intelligence Ethics in Action,LearnQuest,Data Science,data science
course_9ef5f85c2799256f,Bayesian Statistics: Time Series Analysis,"University of California, Santa Cruz",Data Science,data science
course_9ef5f85c2799256f,Bayesian Statistics: Time Series Analysis,"University of California, Santa Cruz",Information Technology,information technology
course_9f442e3b654f336b,Relational Database Support for Data Warehouses,University of Colorado System,Data Science,data science
course_9f648c9b4bfc448c,Getting Started with U.S. Payroll Fundamentals,"Automatic Data Processing, Inc. (ADP)",Business,business
course_9f9bd55a0227d512,Frontend Development using React,Board Infinity,Computer Science,computer science
course_9fae070ee3d28266,Groundwork for Success in Sales Development,Salesforce,Business,business
course_9fbfd5e2078d70b8,Principles of Management,Johns Hopkins University,Business,business
course_a0a0cb6293bf8c9e,"Data Science with NumPy, Sets, and Dictionaries",Duke University,Data Science,data science
course_a0df17abf4dba10b,Developing AI Applications with Python and Flask,IBM,Computer Science,computer science
course_a0f48ef8e4b864c1,The Principles of Real Estate,Keller Williams,Business,business
course_a1284d9e5d036cd4,Communication Strategies for a Virtual Age,University of Toronto,Business,business
course_a12f224b1848a6b4,Effective Compliance Programs,University of Pennsylvania,Business,business
course_a1355fa1c9abe169,Generative AI Essentials: Overview and Impact,University of Michigan,Data Science,data science
course_a1355fa1c9abe169,Generative AI Essentials: Overview and Impact,University of Michigan,Information Technology,information technology
course_a18c16ab57cc68a5,Generative AI Applications and Popular Tools,Edureka,Data Science,data science
course_a18c16ab57cc68a5,Generative AI Applications and Popular Tools,Edureka,Information Technology,information technology
course_a18dd689cad667a6,"Foundations: Data, Data, Everywhere",Google,Data Science,data science
course_a18dd689cad667a6,"Foundations: Data, Data, Everywhere",Google,Information Technology,information technology
course_a19d57424c4869e4,"Random Models, Nested and Split-plot Designs",Arizona State University,Data Science,data science
course_a19d57424c4869e4,"Random Models, Nested and Split-plot Designs",Arizona State University,Information Technology,information technology
course_a1a4eb79ee11f96a,Full Stack Application Development Capstone Project,IBM,Computer Science,computer science
course_a1eb361c151171a2,Linear Regression for Business Statistics,Rice University,Data Science,data science
course_a1eb361c151171a2,Linear Regression for Business Statistics,Rice University,Information Technology,information technology
course_a20ef07c321609c8,Financial Analysis of Organizations,University of Illinois Urbana-Champaign,Business,business
course_a228eff40f46dd48,Machine Learning Foundations: A Case Study Approach,University of Washington,Data Science,data science
course_a228eff40f46dd48,Machine Learning Foundations: A Case Study Approach,University of Washington,Information Technology,information technology
course_a27097c7d5e1d3d8,Strategic Sourcing,Rutgers the State University of New Jersey,Business,business
course_a280e37aa216338a,OpenAI GPTs: Creating Your Own Custom AI Assistants,Vanderbilt University,Data Science,data science
course_a280e37aa216338a,OpenAI GPTs: Creating Your Own Custom AI Assistants,Vanderbilt University,Information Technology,information technology
course_a2b25531c8fb73f6,Backend Development and API Creation,Packt,Computer Science,computer science
course_a2d1fee143f72a9b,Introduction to High-Performance and Parallel Computing,University of Colorado Boulder,Computer Science,computer science
course_a310779d2ea11c5c,Leading People and Teams Capstone,University of Michigan,Business,business
course_a3454f690371d2a6,Introduction to Python Programming,University of Pennsylvania,Computer Science,computer science
course_a34cdb388ffa26b5,Data for Analysis with Microsoft Excel,Microsoft,Data Science,data science
course_a34cdb388ffa26b5,Data for Analysis with Microsoft Excel,Microsoft,Information Technology,information technology
course_a358dcfa5d2645e9,User Experience in Game Design,Epic Games,Computer Science,computer science
course_a35b0dd64de74792,Inspiring and Motivating Individuals,University of Michigan,Business,business
course_a371ec8b58139304,Julia Scientific Programming,University of Cape Town,Data Science,data science
course_a371ec8b58139304,Julia Scientific Programming,University of Cape Town,Information Technology,information technology
course_a3d7524ae8e0e630,Data Visualization with Python,IBM,Data Science,data science
course_a3d7524ae8e0e630,Data Visualization with Python,IBM,Information Technology,information technology
course_a3f736a0775492f6,Alteryx for Beginners,Packt,Data Science,data science
course_a3f736a0775492f6,Alteryx for Beginners,Packt,Information Technology,information technology
course_a3feae004d4d0c5c,Business Analytics with Excel: Elementary to Advanced,Johns Hopkins University,Business,business
course_a40f6fd22ae26975,Python Essentials for MLOps,Duke University,Data Science,data science
course_a40f6fd22ae26975,Python Essentials for MLOps,Duke University,Information Technology,information technology
course_a41f088160b9d334,Types of Conflict,"University of California, Irvine",Business,business
course_a456dd1e13e19677,Feature Engineering,Google Cloud,Data Science,data science
course_a456dd1e13e19677,Feature Engineering,Google Cloud,Information Technology,information technology
course_a4bfdf3647b133df,Global Public Procurement,Korea Advanced Institute of Science and Technology(KAIST),Business,business
course_a4e096a71d65d301,"Program Management: Framework, Strategy, and Planning",SkillUp EdTech,Business,business
course_a4eb4ba82b7fd2ba,Becoming an SAP Professional,SAP,Business,business
course_a556b22cf0b7918b,"Corporate & Commercial Law II: Business Forms, Financing & Governmental Regulation",University of Illinois Urbana-Champaign,Business,business
course_a55b9b2b970f2d02,Machine Learning Using SAS Viya,SAS,Data Science,data science
course_a57336f529e07d77,Data Processing and Feature Engineering with MATLAB,MathWorks,Data Science,data science
course_a57336f529e07d77,Data Processing and Feature Engineering with MATLAB,MathWorks,Information Technology,information technology
course_a5a10ac6210b7fe7,Product Management: Capstone Project,IBM,Business,business
course_a5bc7f5bfd595dbe,Innovation Management,Erasmus University Rotterdam,Business,business
course_a5e11bd46f62dc12,Backend Development for .Net Full Stack,Board Infinity,Computer Science,computer science
course_a643b7ab77394d93,The Define Phase for the 6 σ Black Belt,Kennesaw State University,Business,business
course_a65f8f94bff1ad5f,Introduction to Python Fundamentals,University of Colorado Boulder,Data Science,data science
course_a65f8f94bff1ad5f,Introduction to Python Fundamentals,University of Colorado Boulder,Information Technology,information technology
course_a6673c1e856b7cab,Mastering Final Cut Pro,LearnQuest,Business,business
course_a69b3cb4665e8a5f,Inferential Statistical Analysis with Python,University of Michigan,Data Science,data science
course_a69b3cb4665e8a5f,Inferential Statistical Analysis with Python,University of Michigan,Information Technology,information technology
course_a69ba0a01628f085,Linux for Developers,The Linux Foundation,Computer Science,computer science
course_a6a61b2cf917cc6b,Foundations of Project Management,Google,Business,business
course_a6c0afd4208d0312,Managing Machine Learning Projects,Duke University,Data Science,data science
course_a6c0afd4208d0312,Managing Machine Learning Projects,Duke University,Information Technology,information technology
course_a6e9afa78d20a686,Developing Innovative Ideas for Product Leaders,"University of Maryland, College Park",Business,business
course_a6f1a9781a587edc,Combining Scrum with Other Agile Methodologies,LearnQuest,Computer Science,computer science
course_a75048c2e882b19f,Programming Fundamentals in Swift,Meta,Computer Science,computer science
course_a755da6fc26a73e0,Driving business towards the Sustainable Development Goals,Erasmus University Rotterdam,Business,business
course_a7615980ae6fb80b,Mastering Data Analysis in Excel,Duke University,Data Science,data science
course_a7615980ae6fb80b,Mastering Data Analysis in Excel,Duke University,Information Technology,information technology
course_a771260555a58185,Researcher's guide to omic fundamentals,Fred Hutchinson Cancer Center,Data Science,data science
course_a771260555a58185,Researcher's guide to omic fundamentals,Fred Hutchinson Cancer Center,Information Technology,information technology
course_a797959ec3b15fa9,"Data Extract, Transform, and Load in Power BI",Microsoft,Data Science,data science
course_a7ab8c138f3ce2fe,Advanced Django: Building a Blog,Codio,Computer Science,computer science
course_a7cc0b898cdea71f,Introduction to CATIA V5,EDUCBA,Computer Science,computer science
course_a7ed3d42a11179b7,Analysis of Business Problems,IESE Business School,Business,business
course_a81046c6667cf4ec,Applications of Software Architecture for Big Data,University of Colorado Boulder,Computer Science,computer science
course_a819b4ec37849ca2,Deep Learning and Reinforcement Learning,IBM,Data Science,data science
course_a819b4ec37849ca2,Deep Learning and Reinforcement Learning,IBM,Information Technology,information technology
course_a8366b4b9108d8b0,Business Analytics for Decision Making,University of Colorado Boulder,Data Science,data science
course_a8a87d24dcc5e0a7,Managing Big Data with MySQL,Duke University,Data Science,data science
course_a8a87d24dcc5e0a7,Managing Big Data with MySQL,Duke University,Information Technology,information technology
course_a8bf9e1201cf4fde,Text Mining and Analytics,University of Illinois Urbana-Champaign,Data Science,data science
course_a8bf9e1201cf4fde,Text Mining and Analytics,University of Illinois Urbana-Champaign,Information Technology,information technology
course_a8c51d2c8e5b5a38,Natural Language Processing in TensorFlow,DeepLearning.AI,Data Science,data science
course_a8c51d2c8e5b5a38,Natural Language Processing in TensorFlow,DeepLearning.AI,Information Technology,information technology
course_a8c92a8910b25a68,Generative AI for Data Visualization and Data Storytelling,Coursera Instructor Network,Data Science,data science
course_a92cf19709df11bf,Trading Basics,Indian School of Business,Business,business
course_a93b5b4b0c0a4a8a,Browser-based Models with TensorFlow.js,DeepLearning.AI,Computer Science,computer science
course_a940d4d3270dbe50,Artificial Intelligence Privacy and Convenience,LearnQuest,Data Science,data science
course_a97636d2094fa900,Object-Oriented Hierarchies in Java,LearnQuest,Computer Science,computer science
course_a9cf5307b70ac91f,Genome Assembly Programming Challenge,University of California San Diego,Computer Science,computer science
course_aa34b8ccefefb3ea,Private Equity and Venture Capital,Università Bocconi,Business,business
course_aa5dc2e90efe52f6,Evaluating Large Language Model Outputs: A Practical Guide,Coursera Instructor Network,Data Science,data science
course_aa9dce37d8baa7b4,Supply Chain Software Tools,Unilever,Data Science,data science
course_aa9dce37d8baa7b4,Supply Chain Software Tools,Unilever,Information Technology,information technology
course_ab0483f623105773,Design and Make Infographics (Project-Centered Course),Michigan State University,Business,business
course_ab17ee7215eb950e,Advanced Models for Decision Making,University of Minnesota,Data Science,data science
course_ab1b9f607c8ce714,Combinatorics and Probability,University of California San Diego,Computer Science,computer science
course_ab4b14335c10f2c2,Managing Human Capital in Retail,University of Pennsylvania,Business,business
course_abc288aefda9992e,AI for Medical Diagnosis,DeepLearning.AI,Data Science,data science
course_abc288aefda9992e,AI for Medical Diagnosis,DeepLearning.AI,Information Technology,information technology
course_ac48ad989a822ff4,Digital Business Strategy,University of Virginia,Business,business
course_ac5a081f2a7873b1,Measure and Optimize Social Media Marketing Campaigns,Meta,Business,business
course_ac5e9a412c576592,Getting Started with SAS Visual Analytics,SAS,Data Science,data science
course_ac5e9a412c576592,Getting Started with SAS Visual Analytics,SAS,Information Technology,information technology
course_ac67dfc20b674508,ESG and Social Activism,University of Pennsylvania,Business,business
course_ac68df513716cd37,Data Storytelling,"University of California, Irvine",Data Science,data science
course_ac68df513716cd37,Data Storytelling,"University of California, Irvine",Information Technology,information technology
course_ac7a8906ebcf7ef4,Data Augmented Technology Assisted Medical Decision Making,University of Michigan,Data Science,data science
course_ac7a8906ebcf7ef4,Data Augmented Technology Assisted Medical Decision Making,University of Michigan,Information Technology,information technology
course_ac8ed86cde5f0444,Reinforcement Learning for Trading Strategies,New York Institute of Finance,Data Science,data science
course_ac8ed86cde5f0444,Reinforcement Learning for Trading Strategies,New York Institute of Finance,Information Technology,information technology
course_ac904d62feeff5e6,Customising your models with TensorFlow 2,Imperial College London,Data Science,data science
course_ac90ebfdaecb178f,"Decisions, Decisions: Dashboards and Reports",Google,Data Science,data science
course_ac90ebfdaecb178f,"Decisions, Decisions: Dashboards and Reports",Google,Information Technology,information technology
course_acd8776a978fce7a,Getting Started with Go,"University of California, Irvine",Computer Science,computer science
course_acf6a3f6a2c7acb2,Mastering Advanced Data and Analytics Features in Tableau,SkillUp EdTech,Data Science,data science
course_ad0bdb1784cf45c9,Introduction to Probability and Data with R,Duke University,Data Science,data science
course_ad0bdb1784cf45c9,Introduction to Probability and Data with R,Duke University,Information Technology,information technology
course_ad43580f42aa31b9,Introduction to Genomic Technologies,Johns Hopkins University,Data Science,data science
course_ad43580f42aa31b9,Introduction to Genomic Technologies,Johns Hopkins University,Information Technology,information technology
course_ad99b52d521d0912,Introduction to Front-End Development,Meta,Computer Science,computer science
course_add45a003c408d2b,Digital Twins,University of Michigan,Business,business
course_add79b6f573681b9,Business Growth Strategy,University of Virginia,Business,business
course_adf9148c3b56c74b,Introduction to R Programming for Data Science,IBM,Data Science,data science
course_adf9148c3b56c74b,Introduction to R Programming for Data Science,IBM,Information Technology,information technology
course_ae1887039d55a5f8,Investment Management in an Evolving and Volatile World by HEC Paris and AXA Investment Managers,HEC Paris,Business,business
course_ae33c80b6e301874,Working with the Media,University of Colorado Boulder,Business,business
course_aea19fc0d387be71,Applied Calculus with Python,Johns Hopkins University,Data Science,data science
course_aea19fc0d387be71,Applied Calculus with Python,Johns Hopkins University,Information Technology,information technology
course_aea376f589991e2f,Advanced Topics in Derivative Pricing,Columbia University,Business,business
course_aeb8945443214236,Financial Accounting: Foundations,University of Illinois Urbana-Champaign,Business,business
course_aecac4c4f0df52a2,Advanced Deployment Scenarios with TensorFlow,DeepLearning.AI,Computer Science,computer science
course_aef3056f53fa7ccc,Interactive Computer Graphics,The University of Tokyo,Computer Science,computer science
course_af03d25588f89aab,"Cybersecurity Compliance Framework, Standards & Regulations",IBM,Computer Science,computer science
course_af28dc1a10012e6e,Wharton Entrepreneurship Capstone,University of Pennsylvania,Business,business
course_af703954585e3723,API Design and Fundamentals of Google Cloud's Apigee API Platform,Google Cloud,Computer Science,computer science
course_af7d8a90bb92f4f9,Introduction to Scrum Master Profession,SkillUp EdTech,Business,business
course_af8ce639c229addd,Introduction to Computers and Office Productivity Software,The Hong Kong University of Science and Technology,Computer Science,computer science
course_b01f01b950a11835,Lead Management in Salesforce,Salesforce,Business,business
course_b0327589d5c851d1,"AI-Enhanced Copywriting: SurferSEO, Upword and Anyword",Coursera Instructor Network,Business,business
course_b039b475032e512f,Data Structures,University of California San Diego,Computer Science,computer science
course_b0474fdb1d1d4e19,Artificial Intelligence,Illinois Tech,Computer Science,computer science
course_b07c8463c78c4025,Introduction to Public Speaking,University of Washington,Business,business
course_b09343c268db488d,Professional Selling: Step 1 - Think Like a High-Performer,Kennesaw State University,Business,business
course_b09ee56240f23598,Technical Support (IT) Case Studies and Capstone,IBM,Computer Science,computer science
course_b0a7971313fc961d,Organisational design: Know your organisation,Macquarie University,Business,business
course_b0ce37e5e069d3f9,Device-based Models with TensorFlow Lite,DeepLearning.AI,Computer Science,computer science
course_b0fe729b6112d87f,Advanced Computer Vision with TensorFlow,DeepLearning.AI,Data Science,data science
course_b0fe729b6112d87f,Advanced Computer Vision with TensorFlow,DeepLearning.AI,Information Technology,information technology
course_b118a160b8e6819b,Specialized Models: Time Series and Survival Analysis,IBM,Data Science,data science
course_b118a160b8e6819b,Specialized Models: Time Series and Survival Analysis,IBM,Information Technology,information technology
course_b12ae5cf19355d82,Design Patterns,University of Alberta,Computer Science,computer science
course_b14ec07d119fa00e,Modeling Data in the Tidyverse,Johns Hopkins University,Data Science,data science
course_b19bb6b7e43f8c97,Understanding the Enterprise Systems Environment,SAP,Business,business
course_b1abfb3c1bfec309,Programming with JavaScript,Meta,Computer Science,computer science
course_b218a3192ee5dcf1,How to Manage a Remote Team,GitLab,Business,business
course_b255616c29a38fef,Advanced Machine Learning Algorithms,Fractal Analytics,Data Science,data science
course_b2590c4177faeab9,Data Management and Visualization,Wesleyan University,Data Science,data science
course_b2590c4177faeab9,Data Management and Visualization,Wesleyan University,Information Technology,information technology
course_b25ac2d61ed43acb,Hardware Security,"University of Maryland, College Park",Computer Science,computer science
course_b29290ea6f43d2f8,C Programming: Using Linux Tools and Libraries - 7,Dartmouth College,Computer Science,computer science
course_b2ccc8bcaa0b7479,Introduction to Midjourney,Edureka,Computer Science,computer science
course_b2cf7ba3be39c355,Using Data Analytics in Supply Chain,Unilever,Data Science,data science
course_b2cf7ba3be39c355,Using Data Analytics in Supply Chain,Unilever,Information Technology,information technology
course_b3443e22b8dd0275,Cortex-M Software Development Fundamentals,Arm,Computer Science,computer science
course_b37a7d1283a1aa9f,Machine Learning and NLP Basics,Edureka,Data Science,data science
course_b37a7d1283a1aa9f,Machine Learning and NLP Basics,Edureka,Information Technology,information technology
course_b38962d23fdee84c,Create Serverless Applications,Microsoft,Computer Science,computer science
course_b3a53c44b3ebfba3,"Get Started with Cloud Native, DevOps, Agile, and NoSQL",IBM,Computer Science,computer science
course_b3b6ff8b8163cebf,How to Get Into Robotics,University of Leeds,Computer Science,computer science
course_b43f07c3bf87eb19,"Cloud Computing Concepts, Part 1",University of Illinois Urbana-Champaign,Computer Science,computer science
course_b468f3fcf7b6e884,Build AI Apps with LangChain.js,Scrimba,Computer Science,computer science
course_b471df9779527bd8,Machine Learning: Clustering & Retrieval,University of Washington,Data Science,data science
course_b471df9779527bd8,Machine Learning: Clustering & Retrieval,University of Washington,Information Technology,information technology
course_b4d3b07ae6c2da4d,Databases and SQL for Data Science with Python,IBM,Data Science,data science
course_b4d3b07ae6c2da4d,Databases and SQL for Data Science with Python,IBM,Information Technology,information technology
course_b5160cd7f6885ce5,Generative AI and LLMs: Architecture and Data Preparation,IBM,Data Science,data science
course_b5160cd7f6885ce5,Generative AI and LLMs: Architecture and Data Preparation,IBM,Information Technology,information technology
course_b51a5c59b01c322d,Statistics Foundations,Meta,Business,business
course_b54badd12fe6215e,Introduction to Mobile App Development,IBM,Computer Science,computer science
course_b5ba6b5c59c57829,Machine Learning With Big Data,University of California San Diego,Data Science,data science
course_b5c9633fbc43ec12,Modeling Risk and Realities,University of Pennsylvania,Business,business
course_b5f9deb42625ae3f,Distributed Programming in Java,Rice University,Computer Science,computer science
course_b6072ddcb97294b6,Acing the Product Management Interview,Advancing Women in Tech,Computer Science,computer science
course_b614f4049aadf160,Introduction to Time Value of Money (TVM),University of Michigan,Business,business
course_b62313c19109faef,Teamwork Skills: Communicating Effectively in Groups,University of Colorado Boulder,Business,business
course_b6447179e97e9064,Math for MBA and GMAT Prep,Emory University,Business,business
course_b661e6093ed42177,Game Design and Development 3: 3D Shooter,Michigan State University,Computer Science,computer science
course_b69b6c1fa996f430,JSON and Natural Language Processing in PostgreSQL,University of Michigan,Computer Science,computer science
course_b6d1ed1c1898de15,Software Processes and Agile Practices,University of Alberta,Computer Science,computer science
course_b6d23ad32755bf4e,Intermediate PostgreSQL,University of Michigan,Computer Science,computer science
course_b72da32505bd5b86,Foundations of Hotel Budgeting and Forecasting,Starweaver,Business,business
course_b72e37cd5f4674ed,Stages of Incident Response,Infosec,Computer Science,computer science
course_b759ebe4e5a4b065,Preparing for Your Professional Cloud Security Engineer Journey,Google Cloud,Computer Science,computer science
course_b76aca02146f4e52,Natural Language Processing with Attention Models,DeepLearning.AI,Data Science,data science
course_b76aca02146f4e52,Natural Language Processing with Attention Models,DeepLearning.AI,Information Technology,information technology
course_b777fc84827e8f7d,C Programming: Getting Started - 1,Dartmouth College,Computer Science,computer science
course_b7c02164b403fe7a,Interacting with Customers,CVS Health,Business,business
course_b8291462b91ffcb9,Managing the Organization,University of Illinois Urbana-Champaign,Business,business
course_b842bb6b289fb7f8,Cloud Security Risks: Identify and Protect Against Threats,Google Cloud,Computer Science,computer science
course_b85a599f47b02d12,Google SEO Capstone Project,"University of California, Davis",Business,business
course_b882c3c838ef62c2,Java Class Library,LearnQuest,Computer Science,computer science
course_b88f9097a4c95f8a,Deploy containers by using Azure Kubernetes Service,Microsoft,Data Science,data science
course_b89049dd4ce79447,Fundamentals of Reinforcement Learning,University of Alberta,Data Science,data science
course_b89049dd4ce79447,Fundamentals of Reinforcement Learning,University of Alberta,Information Technology,information technology
course_b8ff6ebf12aee61d,Machine Learning Algorithms: Supervised Learning Tip to Tail,Alberta Machine Intelligence Institute,Data Science,data science
course_b8ff6ebf12aee61d,Machine Learning Algorithms: Supervised Learning Tip to Tail,Alberta Machine Intelligence Institute,Information Technology,information technology
course_b91b61ca646adcc9,Ethics of Artificial Intelligence,Politecnico di Milano,Computer Science,computer science
course_b92eadc85df5bc9b,People Analytics,University of Pennsylvania,Business,business
course_b93365979759fb86,Data Storytelling,Fractal Analytics,Data Science,data science
course_b93365979759fb86,Data Storytelling,Fractal Analytics,Information Technology,information technology
course_b94398f2268ca655,Managing Social and Human Capital,University of Pennsylvania,Business,business
course_b946c0825e5dd076,Marketing Analytics Foundation,Meta,Business,business
course_b965292eea8ba860,Architecting with Google Kubernetes Engine: Workloads,Google Cloud,Computer Science,computer science
course_b987cb7ef76f4a90,Responsive Web Design,University of London,Computer Science,computer science
course_b996a99c78e6dfff,Big Data Integration and Processing,University of California San Diego,Data Science,data science
course_b996a99c78e6dfff,Big Data Integration and Processing,University of California San Diego,Information Technology,information technology
course_b996f0406f7b306c,Bayesian Statistics: Mixture Models,"University of California, Santa Cruz",Data Science,data science
course_b996f0406f7b306c,Bayesian Statistics: Mixture Models,"University of California, Santa Cruz",Information Technology,information technology
course_b9aa73eedac90d0d,Project Management: Beyond planning and control,Politecnico di Milano,Business,business
course_ba0d58aef8584fd5,Introduction to Back-End Development,Meta,Computer Science,computer science
course_ba24b15a095eae99,Introduction to Clinical Data Science,University of Colorado System,Data Science,data science
course_ba24b15a095eae99,Introduction to Clinical Data Science,University of Colorado System,Information Technology,information technology
course_ba99cb4d591ac502,Agile Software Development,University of Minnesota,Computer Science,computer science
course_ba9a20c187750ea5,Operations Research (1): Models and Applications,National Taiwan University,Computer Science,computer science
course_bab165f32461a8d7,Business Analysis Process,Tableau Learning Partner,Data Science,data science
course_bab165f32461a8d7,Business Analysis Process,Tableau Learning Partner,Information Technology,information technology
course_bab2d8d10c5b07fe,Leading Teams: Developing as a Leader,University of Illinois Urbana-Champaign,Business,business
course_bad1aed42dc533f6,Marketing: Customer Needs and Wants,IESE Business School,Business,business
course_baf9b9498f58b768,The Fundamentals of Revenue Management: The Cornerstone of Revenue Strategy,ESSEC Business School,Business,business
course_bb204aa69e354342,International Leadership and Organizational Behavior,Università Bocconi,Business,business
course_bb85ca57fcf3c7a2,Probabilistic Graphical Models 2: Inference,Stanford University,Data Science,data science
course_bb85ca57fcf3c7a2,Probabilistic Graphical Models 2: Inference,Stanford University,Information Technology,information technology
course_bbae41debe37fbc6,"Data – What It Is, What We Can Do With It",Johns Hopkins University,Data Science,data science
course_bc13393017dd2b27,Budgeting and Scheduling Projects,"University of California, Irvine",Business,business
course_bc33c25c8f8b2767,DevOps on AWS: Operate and Monitor,Amazon Web Services,Computer Science,computer science
course_bc51c39f069ef87e,"Make the Sale: Build, Launch, and Manage E-commerce Stores",Google,Business,business
course_bc879d3929c78b16,SAS® Programming for Distributed Computing in SAS® Viya®,SAS,Data Science,data science
course_bcb8c38b517e855e,Six Sigma Principles,Kennesaw State University,Business,business
course_bcd14f9c235afef6,Six Sigma Tools for Analyze,Kennesaw State University,Business,business
course_bcf7609916ee5c46,NoSQL systems,Universidad Nacional Autónoma de México,Data Science,data science
course_bd2f4801a77b67ad,C Programming: Language Foundations - 2,Dartmouth College,Computer Science,computer science
course_bd4d8a1439634517,DataOps Methodology,IBM,Data Science,data science
course_bd4d8a1439634517,DataOps Methodology,IBM,Information Technology,information technology
course_bd54c17209ef3632,MLOps Tools: MLflow and Hugging Face,Duke University,Data Science,data science
course_bd54c17209ef3632,MLOps Tools: MLflow and Hugging Face,Duke University,Information Technology,information technology
course_bdc0d1f304260b95,Understanding User Needs,University of Michigan,Computer Science,computer science
course_bde79f6b9750f2c6,Data for Machine Learning,Alberta Machine Intelligence Institute,Data Science,data science
course_bde79f6b9750f2c6,Data for Machine Learning,Alberta Machine Intelligence Institute,Information Technology,information technology
course_be14f8df816db54b,Business Implications of AI: Full course,EIT Digital,Business,business
course_be2c0462f54966b0,Effective Problem-Solving and Decision-Making,"University of California, Irvine",Business,business
course_be34bdedaf09bbbf,Computational Thinking for Problem Solving,University of Pennsylvania,Computer Science,computer science
course_be494a601176a5a8,Digital Transformation,University of Virginia,Business,business
course_be7efc7f0ac6e9af,Connect Your Services with Microsoft Azure Service Bus,Microsoft,Computer Science,computer science
course_be90065d1a661493,Generative AI: Foundation Models and Platforms,IBM,Data Science,data science
course_be90065d1a661493,Generative AI: Foundation Models and Platforms,IBM,Information Technology,information technology
course_bea533f197fd5a36,Embedded C Programming Essentials,EDUCBA,Computer Science,computer science
course_bf1c21b4ede79d74,Learn Python: 1,Scrimba,Computer Science,computer science
course_bf1f133f112e0b90,Requirements Gathering in Business Analysis,Microsoft,Business,business
course_bf40c126eb85be28,"Algorithms for Searching, Sorting, and Indexing",University of Colorado Boulder,Computer Science,computer science
course_bf7343c6630eba0b,Bayesian Statistics: Capstone Project,"University of California, Santa Cruz",Data Science,data science
course_bf7343c6630eba0b,Bayesian Statistics: Capstone Project,"University of California, Santa Cruz",Information Technology,information technology
course_bf9c615d85db74a2,iOS App Capstone,Meta,Computer Science,computer science
course_bf9f4310c94e67e2,Designing User Interfaces and Experiences (UI/UX),IBM,Computer Science,computer science
course_bfa1bb1ddc2bfc4d,Data Scientist Career Guide and Interview Preparation,IBM,Data Science,data science
course_bfa1bb1ddc2bfc4d,Data Scientist Career Guide and Interview Preparation,IBM,Information Technology,information technology
course_bfa7c5938fa4f964,Blockchain Basics,University at Buffalo,Computer Science,computer science
course_bfb6b229f5b120e2,Machine Learning: Regression,University of Washington,Data Science,data science
course_bfb6b229f5b120e2,Machine Learning: Regression,University of Washington,Information Technology,information technology
course_bfce38efbedb31b4,"Variable Selection, Model Validation, Nonlinear Regression",Illinois Tech,Data Science,data science
course_bff74180954c8c88,Building Data Lakes on AWS,Amazon Web Services,Data Science,data science
course_bff74180954c8c88,Building Data Lakes on AWS,Amazon Web Services,Information Technology,information technology
course_c02939aa8a2b1c8d,Global Financial Markets and Instruments,Rice University,Business,business
course_c0520b20c3457082,Generative AI: Advance Your Human Resources (HR) Career,SkillUp EdTech,Business,business
course_c056493971f55e7c,JavaScript Programming Essentials,IBM,Computer Science,computer science
course_c06a7c8532d336d1,Fundamentals of Quantitative Modeling,University of Pennsylvania,Business,business
course_c0a27d0919314299,Introduction to Mobile Development,Meta,Computer Science,computer science
course_c0eee944e6e466ed,"Lending, Crowdfunding, and Modern Investing",University of Pennsylvania,Business,business
course_c10274ca79584ab0,Structured Approach to Problem Solving,Fractal Analytics,Data Science,data science
course_c10274ca79584ab0,Structured Approach to Problem Solving,Fractal Analytics,Information Technology,information technology
course_c10a02153a3b8555,Fundamental Skills in Bioinformatics,King Abdullah University of Science and Technology,Data Science,data science
course_c10a02153a3b8555,Fundamental Skills in Bioinformatics,King Abdullah University of Science and Technology,Information Technology,information technology
course_c13cf7a6d336921c,Data Analysis with R,IBM,Data Science,data science
course_c13cf7a6d336921c,Data Analysis with R,IBM,Information Technology,information technology
course_c14889ef04a57951,Guided Tour of Machine Learning in Finance,New York University,Data Science,data science
course_c14889ef04a57951,Guided Tour of Machine Learning in Finance,New York University,Information Technology,information technology
course_c1ad234e4681d5b5,Project Management Essentials,Howard University,Business,business
course_c1d9555675ea6d01,Introduction to Program Management,IBM,Business,business
course_c2177976a2531b75,Supply Chain Excellence,Rutgers the State University of New Jersey,Business,business
course_c2433206a851cc78,Digital Media and Marketing Strategies,University of Illinois Urbana-Champaign,Business,business
course_c24e0c147e7cfb89,"Python for Data Science, AI & Development",IBM,Data Science,data science
course_c24e0c147e7cfb89,"Python for Data Science, AI & Development",IBM,Information Technology,information technology
course_c254c0384729e3f7,"Statistics and Data Analysis with Excel, Part 1",University of Colorado Boulder,Data Science,data science
course_c254c0384729e3f7,"Statistics and Data Analysis with Excel, Part 1",University of Colorado Boulder,Information Technology,information technology
course_c255bce3bb37be56,Machine Learning with Python,IBM,Data Science,data science
course_c255bce3bb37be56,Machine Learning with Python,IBM,Information Technology,information technology
course_c26d9c15705e8832,Regression Modeling Fundamentals,SAS,Data Science,data science
course_c26d9c15705e8832,Regression Modeling Fundamentals,SAS,Information Technology,information technology
course_c27260e8250c8b46,Leveraging Virtual Assistants for Personal Productivity,Coursera Instructor Network,Data Science,data science
course_c27260e8250c8b46,Leveraging Virtual Assistants for Personal Productivity,Coursera Instructor Network,Information Technology,information technology
course_c27d6ed8ec23772d,Cryptography,"University of Maryland, College Park",Computer Science,computer science
course_c2b1b9bbb80cef95,Recommender Systems:  Evaluation and Metrics,University of Minnesota,Data Science,data science
course_c2b1b9bbb80cef95,Recommender Systems:  Evaluation and Metrics,University of Minnesota,Information Technology,information technology
course_c2de707fe7e41683,Machine Learning for Data Analysis,Wesleyan University,Data Science,data science
course_c2fc16e23042130d,Reproducible Research,Johns Hopkins University,Data Science,data science
course_c2fc16e23042130d,Reproducible Research,Johns Hopkins University,Information Technology,information technology
course_c32858e00b61d688,Intro to AI Engineering,Scrimba,Data Science,data science
course_c32858e00b61d688,Intro to AI Engineering,Scrimba,Information Technology,information technology
course_c3831082efd73a95,Data Visualization Capstone,Johns Hopkins University,Data Science,data science
course_c38ce7fd7ecfafa9,Managing Linux Systems,LearnQuest,Computer Science,computer science
course_c3a9ddd8ded9aef3,Text Retrieval and Search Engines,University of Illinois Urbana-Champaign,Data Science,data science
course_c3a9ddd8ded9aef3,Text Retrieval and Search Engines,University of Illinois Urbana-Champaign,Information Technology,information technology
course_c410a9e567d1ac4a,Introduction to Structured Query Language (SQL),University of Michigan,Computer Science,computer science
course_c416d1fd4e5dc0da,Business Model Innovation for Sustainable Landscape Restoration,Erasmus University Rotterdam,Business,business
course_c4219b791e16572a,Machine Translation,Karlsruhe Institute of Technology,Data Science,data science
course_c4219b791e16572a,Machine Translation,Karlsruhe Institute of Technology,Information Technology,information technology
course_c42328557a46c406,Financial Management for Product Leaders,"University of Maryland, College Park",Business,business
course_c428e2a49e817740,Data Analysis with Tableau,Tableau Learning Partner,Data Science,data science
course_c428e2a49e817740,Data Analysis with Tableau,Tableau Learning Partner,Information Technology,information technology
course_c43652b40e9f9548,Microservices and Deployment by using ASP.NET,Board Infinity,Computer Science,computer science
course_c43a58f6f937d472,AI-Powered Software and System Design,DeepLearning.AI,Computer Science,computer science
course_c4414b7229069a10,Digital Forensics Essentials (DFE),EC-Council,Computer Science,computer science
course_c4546eb1b2fd178a,Visual Analytics with Tableau,"University of California, Davis",Data Science,data science
course_c4546eb1b2fd178a,Visual Analytics with Tableau,"University of California, Davis",Information Technology,information technology
course_c45a97280d6a6e57,Excel Skills for Business: Intermediate I,Macquarie University,Business,business
course_c45cea8aca36bcee,GPT Vision: Seeing the World through Generative AI,Vanderbilt University,Data Science,data science
course_c45cea8aca36bcee,GPT Vision: Seeing the World through Generative AI,Vanderbilt University,Information Technology,information technology
course_c486621f3a5e394b,"Build AI Apps with ChatGPT, Dall-E, and GPT-4",Scrimba,Data Science,data science
course_c486621f3a5e394b,"Build AI Apps with ChatGPT, Dall-E, and GPT-4",Scrimba,Information Technology,information technology
course_c48ed73308408964,Fundamentals of Machine Learning for Healthcare,Stanford University,Data Science,data science
course_c48ed73308408964,Fundamentals of Machine Learning for Healthcare,Stanford University,Information Technology,information technology
course_c49ab2b5b8c1dfbd,What is Corruption: Anti-Corruption and Compliance,University of Pennsylvania,Business,business
course_c4d4ffefb981e59d,The Business of Product Management I,Advancing Women in Tech,Business,business
course_c5126bd1b6144d44,Data Analysis with R Programming,Google,Data Science,data science
course_c5126bd1b6144d44,Data Analysis with R Programming,Google,Information Technology,information technology
course_c550e6815146ed13,Computer Hardware and Software,"University of California, Irvine",Computer Science,computer science
course_c56ec16e597989d7,Concurrent Programming in Java,Rice University,Computer Science,computer science
course_c57421bd19c95a41,Building Web Applications in PHP,University of Michigan,Computer Science,computer science
course_c5a6f05f21b2d01e,What is Data Science?,IBM,Data Science,data science
course_c5a6f05f21b2d01e,What is Data Science?,IBM,Information Technology,information technology
course_c62c79dc5276b86c,"C++ Object Basics: Functions, Recursion, and Objects",Codio,Computer Science,computer science
course_c649005d0d7288c3,Supervised Machine Learning: Regression and Classification,DeepLearning.AI,Data Science,data science
course_c649005d0d7288c3,Supervised Machine Learning: Regression and Classification,DeepLearning.AI,Information Technology,information technology
course_c65124e4db1a4621,Supervised Machine Learning: Classification,IBM,Data Science,data science
course_c65124e4db1a4621,Supervised Machine Learning: Classification,IBM,Information Technology,information technology
course_c6644b378dbf5d19,"Statistical Thinking for Industrial Problem Solving, presented by JMP",SAS,Data Science,data science
course_c6644b378dbf5d19,"Statistical Thinking for Industrial Problem Solving, presented by JMP",SAS,Information Technology,information technology
course_c6ce19eaedea4e19,Natural Language Processing and Capstone Assignment,"University of California, Irvine",Data Science,data science
course_c6e4638ace1ac957,Exploratory Data Analysis,Johns Hopkins University,Data Science,data science
course_c6e4638ace1ac957,Exploratory Data Analysis,Johns Hopkins University,Information Technology,information technology
course_c73f04d03d051f36,Foundations of Data Science,Google,Data Science,data science
course_c73f04d03d051f36,Foundations of Data Science,Google,Information Technology,information technology
course_c7735da830d3b906,Sports Marketing,Northwestern University,Business,business
course_c85e47495c63be50,Project Execution: Running the Project,Google,Business,business
course_c878a05def36c387,Financial Acumen for Non-Financial Managers,University of Pennsylvania,Business,business
course_c8b49518f2df9853,Inheritance and Data Structures in Java,University of Pennsylvania,Computer Science,computer science
course_c916470e6212f55a,Data Mining Methods,University of Colorado Boulder,Data Science,data science
course_c916470e6212f55a,Data Mining Methods,University of Colorado Boulder,Information Technology,information technology
course_c95f7c7deb418cc1,"Sequences, Time Series and Prediction",DeepLearning.AI,Data Science,data science
course_c95f7c7deb418cc1,"Sequences, Time Series and Prediction",DeepLearning.AI,Information Technology,information technology
course_c99253aac51a131c,"Managing, Describing, and Analyzing Data",University of Colorado Boulder,Data Science,data science
course_c9af8ee0eac44a27,Six Sigma Advanced Define and Measure Phases,Kennesaw State University,Business,business
course_c9c04d940ac35998,Model Diagnostics and Remedial Measures,Illinois Tech,Data Science,data science
course_c9c04d940ac35998,Model Diagnostics and Remedial Measures,Illinois Tech,Information Technology,information technology
course_c9db1d2122ae38d8,Process Data from Dirty to Clean,Google,Data Science,data science
course_c9db1d2122ae38d8,Process Data from Dirty to Clean,Google,Information Technology,information technology
course_c9f6449b4f990236,Introduction to Self-Driving Cars,University of Toronto,Computer Science,computer science
course_ca07c5920d4d4cbc,Interacting with the System and Managing Memory,Duke University,Computer Science,computer science
course_ca28a3f0444dbcd0,Introduction to Deep Learning,University of Colorado Boulder,Data Science,data science
course_ca28a3f0444dbcd0,Introduction to Deep Learning,University of Colorado Boulder,Information Technology,information technology
course_ca4b81bef4ddb926,"Flutter and Dart: Developing iOS, Android, and Mobile Apps",IBM,Computer Science,computer science
course_ca5237399abf19f6,Predictive Modeling with Logistic Regression using SAS,SAS,Data Science,data science
course_ca5237399abf19f6,Predictive Modeling with Logistic Regression using SAS,SAS,Information Technology,information technology
course_ca65b89cd1646c53,Fundamentals of Accounting and Reporting,Tally Education and Distribution Services Private Limited,Business,business
course_ca67e4e0448ae023,Advanced Armv8-M Features,Arm,Computer Science,computer science
course_cac7fb02e7e9fb71,Google SEO Fundamentals,"University of California, Davis",Business,business
course_cad7f8bf0b0c613c,Introduction to TCP/IP,Yonsei University,Computer Science,computer science
course_cb23e25dc16794d5,Bayesian Statistics: Techniques and Models,"University of California, Santa Cruz",Data Science,data science
course_cb23e25dc16794d5,Bayesian Statistics: Techniques and Models,"University of California, Santa Cruz",Information Technology,information technology
course_cb2e20fb489d2646,Unsupervised Machine Learning,IBM,Data Science,data science
course_cb2e20fb489d2646,Unsupervised Machine Learning,IBM,Information Technology,information technology
course_cb67455cfa3af92a,Building Production-Ready Apps with Large Language Models,Coursera Instructor Network,Data Science,data science
course_cb9c96837d862c0d,Forecasting Financial Statements & Valuation for Accountants,University of Illinois Urbana-Champaign,Business,business
course_cbe0aa3c2bfec0bf,Marketing in a Digital World,University of Illinois Urbana-Champaign,Business,business
course_cbe37f8efe1df978,Reinforcement Learning in Finance,New York University,Data Science,data science
course_cbe37f8efe1df978,Reinforcement Learning in Finance,New York University,Information Technology,information technology
course_cbe81592c9112c50,Deep Learning - Computer Vision for Beginners Using PyTorch,Packt,Data Science,data science
course_cc03899af4935c35,AI for Medical Prognosis,DeepLearning.AI,Data Science,data science
course_cc03899af4935c35,AI for Medical Prognosis,DeepLearning.AI,Information Technology,information technology
course_cc3168589e53e325,Learn AI Agents,Scrimba,Computer Science,computer science
course_cc503a002bbf64b5,Fundamentals of Machine Learning in Finance,New York University,Data Science,data science
course_cc503a002bbf64b5,Fundamentals of Machine Learning in Finance,New York University,Information Technology,information technology
course_cca3c917ef4eb90b,Visual Development and Audio Design in Games,Epic Games,Computer Science,computer science
course_ccb6da5fe2bfa475,CUDA Advanced Libraries,Johns Hopkins University,Computer Science,computer science
course_cd0b1466c16af8f8,Fundamentals of Management,"University of California, Irvine",Business,business
course_cd93403d62a07c53,Introduction to Artificial Intelligence (AI),IBM,Data Science,data science
course_cd93403d62a07c53,Introduction to Artificial Intelligence (AI),IBM,Information Technology,information technology
course_cdc18cd5d16df0c0,Mastering Laravel Framework and PHP,Board Infinity,Computer Science,computer science
course_cdc661aa7d2146f6,Getting Started with Git and GitHub,IBM,Computer Science,computer science
course_cdde155d9ea470fe,IoT Communications and Networks,Institut Mines-Télécom,Computer Science,computer science
course_ce0c926a47c33bbf,Implementing an SAP Solution,SAP,Business,business
course_ce1e705aff6c7091,Exploratory Data Analysis,University of Leeds,Data Science,data science
course_ce1e705aff6c7091,Exploratory Data Analysis,University of Leeds,Information Technology,information technology
course_ce2a8764f0b8c9e3,Stocks and Bonds,University of Michigan,Business,business
course_ce4d7d2338b0b86b,GenAI and LLMs on AWS,Duke University,Computer Science,computer science
course_ce73a6d1c396ef9b,Foundations of Digital Marketing and E-commerce,Google,Business,business
course_ce782331b07e11c0,Introduction to Technical Writing,Board Infinity,Computer Science,computer science
course_ce8c1d1556f87702,Financial Planning for Young Adults,University of Illinois Urbana-Champaign,Business,business
course_ceeb8ec4f07d8e87,Deep Learning with PyTorch,IBM,Data Science,data science
course_ceeb8ec4f07d8e87,Deep Learning with PyTorch,IBM,Information Technology,information technology
course_ceef3fd9ae99862d,Supply Chain Analytics Essentials,Rutgers the State University of New Jersey,Business,business
course_cf2285a638da5085,Data Visualization with Tableau,Tableau Learning Partner,Data Science,data science
course_cf2285a638da5085,Data Visualization with Tableau,Tableau Learning Partner,Information Technology,information technology
course_cf2a9f8195d4c1a8,Case studies in business analytics with ACCENTURE,ESSEC Business School,Data Science,data science
course_cf7a6cd342563d2c,Advanced Golang Concepts,Edureka,Computer Science,computer science
course_cf7ce12684e8c815,Entrepreneurship 3: Growth Strategies,University of Pennsylvania,Business,business
course_cf962de3dc494dfe,Communicating Data Insights with Tableau,Tableau Learning Partner,Data Science,data science
course_cf962de3dc494dfe,Communicating Data Insights with Tableau,Tableau Learning Partner,Information Technology,information technology
course_cfd9459f8d8a8311,Combining and Analyzing Complex Data,"University of Maryland, College Park",Data Science,data science
course_cfdc12cbf79547a2,Innovative Finance: Hacking finance to change the world,University of Cape Town,Business,business
course_cfe67908b3dbada2,Structured Query Language (SQL) using SAS,SAS,Data Science,data science
course_cfe67908b3dbada2,Structured Query Language (SQL) using SAS,SAS,Information Technology,information technology
course_cfe9f96a1f2d0140,Accounting Analysis I: The Role of Accounting as an Information System,University of Illinois Urbana-Champaign,Business,business
course_cfeceeace946b8a3,MongoDB Aggregation Framework,MongoDB Inc.,Data Science,data science
course_cffcc6ec44b9f93e,Corporate Finance Essentials,IESE Business School,Business,business
course_d001e9913be7fad4,Fundamentals of Finance,University of Pennsylvania,Business,business
course_d015eff21c76b28d,"Data Warehouse Concepts, Design, and Data Integration",University of Colorado System,Computer Science,computer science
course_d098712d3b0efbf4,Statistical Inference and Hypothesis Testing in Data Science Applications,University of Colorado Boulder,Data Science,data science
course_d098712d3b0efbf4,Statistical Inference and Hypothesis Testing in Data Science Applications,University of Colorado Boulder,Information Technology,information technology
course_d0b113ebe8d5d0f3,"AI, Business & the Future of Work",Lund University,Business,business
course_d0d255f2d246c4ac,Supply Chain Analytics,Rutgers the State University of New Jersey,Business,business
course_d0de074a00c57786,Developing Back-End Apps with Node.js and Express,IBM,Computer Science,computer science
course_d1049b33b83d1063,Delivery Problem,University of California San Diego,Computer Science,computer science
course_d13ecdf686c21b49,Introduction to Cyber Attacks,New York University,Computer Science,computer science
course_d152ea4dad061dea,Object-Oriented Programming Concepts,LearnQuest,Computer Science,computer science
course_d154e4a4b298cf54,"Response Surfaces, Mixtures, and Model Building",Arizona State University,Data Science,data science
course_d154e4a4b298cf54,"Response Surfaces, Mixtures, and Model Building",Arizona State University,Information Technology,information technology
course_d15e677f3b1dc066,Pricing Options with Mathematical Models,Caltech,Business,business
course_d16628aeef8679c6,User Research and Design,University of Minnesota,Computer Science,computer science
course_d17975e03e3dc538,User Awareness and Education for Generative AI,Coursera Instructor Network,Data Science,data science
course_d18e1920a36895e0,Factorial and Fractional Factorial Designs,Arizona State University,Data Science,data science
course_d18e1920a36895e0,Factorial and Fractional Factorial Designs,Arizona State University,Information Technology,information technology
course_d1aeb9126f06fa50,Management Fundamentals,University of Pennsylvania,Business,business
course_d1af1375c300010e,Project Management: Foundations and Initiation,University of Colorado Boulder,Business,business
course_d1e83ace9d66d808,Software Engineering: Software Design and Project Management,The Hong Kong University of Science and Technology,Computer Science,computer science
course_d206bff86c40d1a2,Computer Vision Basics,University at Buffalo,Computer Science,computer science
course_d24217ed422ebfbe,Big Data - Capstone Project,University of California San Diego,Data Science,data science
course_d24217ed422ebfbe,Big Data - Capstone Project,University of California San Diego,Information Technology,information technology
course_d2a5485bba7260a4,Fundamentals of Visualization with Tableau,"University of California, Davis",Data Science,data science
course_d2a5485bba7260a4,Fundamentals of Visualization with Tableau,"University of California, Davis",Information Technology,information technology
course_d2ceda72def2097f,Inferential Statistics,Duke University,Data Science,data science
course_d2ceda72def2097f,Inferential Statistics,Duke University,Information Technology,information technology
course_d2e93a43ae42fd74,Blockchain Transformations of Financial Services,INSEAD,Computer Science,computer science
course_d30ae5dd0b0de1be,Arts and Heritage Management,Università Bocconi,Business,business
course_d312e473838d001a,New Ways of Working in an AI World,London Business School,Data Science,data science
course_d312e473838d001a,New Ways of Working in an AI World,London Business School,Information Technology,information technology
course_d36db66f109e663b,Cloud Computing Project,University of Illinois Urbana-Champaign,Computer Science,computer science
course_d3a585ff9d57e2b2,Introduction to Financial Accounting,University of Pennsylvania,Business,business
course_d40c4c7268763df5,Discrete Optimization,The University of Melbourne,Computer Science,computer science
course_d4246ce526793802,Strategic Planning and Execution,University of Virginia,Business,business
course_d4a221dde32b8588,Python Programming Fundamentals,Duke University,Computer Science,computer science
course_d4b13a331f763336,Preparing for AI-900: Microsoft Azure AI Fundamentals exam,Microsoft,Data Science,data science
course_d4b13a331f763336,Preparing for AI-900: Microsoft Azure AI Fundamentals exam,Microsoft,Information Technology,information technology
course_d4b9f9fd05a0e4f7,Change Management for Generative AI,Vanderbilt University,Business,business
course_d50371dac6793131,Building Services with ASP.NET Web API,Board Infinity,Computer Science,computer science
course_d54819bf64918d17,IBM COBOL Basic Testing and Debugging,IBM,Computer Science,computer science
course_d5668f0c5c0e7d97,What is Social?,Northwestern University,Business,business
course_d5899a325ea67d4a,An Intuitive Introduction to Probability,University of Zurich,Data Science,data science
course_d5899a325ea67d4a,An Intuitive Introduction to Probability,University of Zurich,Information Technology,information technology
course_d5923079af14e582,Conflict Transformation,Emory University,Business,business
course_d593a9bcda9f9223,Python for Genomic Data Science,Johns Hopkins University,Data Science,data science
course_d593a9bcda9f9223,Python for Genomic Data Science,Johns Hopkins University,Information Technology,information technology
course_d5cc1b2703129150,Conflict Resolution Skills,"University of California, Irvine",Business,business
course_d5d5831575d86bed,GenAI in Data Analytics,Meta,Data Science,data science
course_d5d5831575d86bed,GenAI in Data Analytics,Meta,Information Technology,information technology
course_d5e78a63e698fd02,Prompt Engineering for Web Developers,Scrimba,Computer Science,computer science
course_d660941c5c130f51,Measurement – Turning Concepts into Data,Johns Hopkins University,Data Science,data science
course_d67ac2324e47a1f1,Integrated and Strategic Communication Campaigns,University of Colorado Boulder,Business,business
course_d6c56e1d6442d8b8,The Arduino Platform and C Programming,"University of California, Irvine",Computer Science,computer science
course_d6ef0ec204e669bf,Introduction to Tableau,Tableau Learning Partner,Data Science,data science
course_d6ef0ec204e669bf,Introduction to Tableau,Tableau Learning Partner,Information Technology,information technology
course_d70628641fe5c436,Approximation Algorithms and Linear Programming,University of Colorado Boulder,Computer Science,computer science
course_d7397b8285e1130b,Social Impact Strategy: Tools for Entrepreneurs and Innovators,University of Pennsylvania,Business,business
course_d76a75845977cb47,Harnessing the Power of Data with Power BI,Microsoft,Data Science,data science
course_d76a75845977cb47,Harnessing the Power of Data with Power BI,Microsoft,Information Technology,information technology
course_d791a1abdf2fced8,Power Platform in Business Analysis,Microsoft,Business,business
course_d7a5b718723b22fe,Fundraising and Development Foundations,"University of California, Davis",Business,business
course_d7e5be71961abab1,Fundamentals of Equities,Interactive Brokers,Business,business
course_d806c5073f6f1c6b,Introduction to Recommender Systems:  Non-Personalized and Content-Based,University of Minnesota,Data Science,data science
course_d806c5073f6f1c6b,Introduction to Recommender Systems:  Non-Personalized and Content-Based,University of Minnesota,Information Technology,information technology
course_d81d4cfa786288b0,Statistical Learning,Illinois Tech,Data Science,data science
course_d81e6c6a276fcb21,Strategies and Tools to Mitigate Agricultural Risk,University of Illinois Urbana-Champaign,Business,business
course_d823e98e7005c4db,Python Packages for Data Science,University of Colorado Boulder,Data Science,data science
course_d823e98e7005c4db,Python Packages for Data Science,University of Colorado Boulder,Information Technology,information technology
course_d832eddeda81f92c,Inventory Management,"University of California, Irvine",Business,business
course_d83aa055fce3f2c8,Copilot for Power BI,Microsoft,Computer Science,computer science
course_d8425367fc0de86d,Data Science with R - Capstone Project,IBM,Data Science,data science
course_d8425367fc0de86d,Data Science with R - Capstone Project,IBM,Information Technology,information technology
course_d84747f5757f77ad,Sourcing Analytics,Rutgers the State University of New Jersey,Data Science,data science
course_d84c90cd76401e5d,Introduction to Parallel Programming with CUDA,Johns Hopkins University,Computer Science,computer science
course_d85e9a3017e66cb4,More Introduction to Financial Accounting,University of Pennsylvania,Business,business
course_d8899a4411f2170d,Self Awareness and the Effective Leader,Rice University,Business,business
course_d89c60033f7ae512,Generative Deep Learning with TensorFlow,DeepLearning.AI,Data Science,data science
course_d89c60033f7ae512,Generative Deep Learning with TensorFlow,DeepLearning.AI,Information Technology,information technology
course_d928e95e83463bb9,Introduction to Programming in Swift 5,LearnQuest,Computer Science,computer science
course_d936b28e115fd16d,Foundations of Local Large Language models,Duke University,Data Science,data science
course_d936b28e115fd16d,Foundations of Local Large Language models,Duke University,Information Technology,information technology
course_d94655725b16cbaa,Introduction to Python Functions,University of Colorado Boulder,Data Science,data science
course_d94655725b16cbaa,Introduction to Python Functions,University of Colorado Boulder,Information Technology,information technology
course_d9d10948e285411f,"Generative AI: Impact, Considerations, and Ethical Issues",IBM,Data Science,data science
course_d9d10948e285411f,"Generative AI: Impact, Considerations, and Ethical Issues",IBM,Information Technology,information technology
course_d9fe9b523eec7cbb,Project Delivery in Business Analysis and Capstone Project,Microsoft,Business,business
course_da131101860db17f,Leveraging AI for Enhanced Content Creation,Coursera Instructor Network,Data Science,data science
course_da131101860db17f,Leveraging AI for Enhanced Content Creation,Coursera Instructor Network,Information Technology,information technology
course_da3866e4727068c4,"Introduction to Financial Analysis - The ""Why?""",University of Illinois Urbana-Champaign,Business,business
course_daa3c98fdd8b255c,Social Media and Social Content Strategy,Digital Marketing Institute,Business,business
course_dafbcf887e45a323,Unlock the Power of Data with Power BI,Microsoft,Data Science,data science
course_dafbcf887e45a323,Unlock the Power of Data with Power BI,Microsoft,Information Technology,information technology
course_db05b30f9ee8ac2f,Salesforce Introduction,LearnKartS,Computer Science,computer science
course_db08db950e236faa,Generative AI for Everyone,DeepLearning.AI,Data Science,data science
course_db08db950e236faa,Generative AI for Everyone,DeepLearning.AI,Information Technology,information technology
course_db289bd07adcd243,Getting a Consulting Job,Emory University,Business,business
course_dbaf16e628c8d968,Data Visualization and Dashboards with Excel and Cognos,IBM,Data Science,data science
course_dbaf16e628c8d968,Data Visualization and Dashboards with Excel and Cognos,IBM,Information Technology,information technology
course_dbeaae6130738bb9,The Payroll Professional,"Automatic Data Processing, Inc. (ADP)",Business,business
course_dc588e16fd97ec23,Construction Project Management,Columbia University,Business,business
course_dce945f3f279b3da,Cluster Analysis in Data Mining,University of Illinois Urbana-Champaign,Data Science,data science
course_dce945f3f279b3da,Cluster Analysis in Data Mining,University of Illinois Urbana-Champaign,Information Technology,information technology
course_dceaaa07758fa276,Preparing  Data for Analysis with Microsoft Excel,Microsoft,Data Science,data science
course_dceaaa07758fa276,Preparing  Data for Analysis with Microsoft Excel,Microsoft,Information Technology,information technology
course_dd3b68ccb35a2b17,Machine Learning Models in Science,LearnQuest,Data Science,data science
course_dd526783d6730ae8,Practical Machine Learning,Johns Hopkins University,Data Science,data science
course_dd526783d6730ae8,Practical Machine Learning,Johns Hopkins University,Information Technology,information technology
course_dd6703f4ab5dc65c,Design Strategies for Maximizing Total Data Quality,University of Michigan,Data Science,data science
course_de669e7ba3abb402,"Custom Models, Layers, and Loss Functions with TensorFlow",DeepLearning.AI,Data Science,data science
course_de669e7ba3abb402,"Custom Models, Layers, and Loss Functions with TensorFlow",DeepLearning.AI,Information Technology,information technology
course_de9303111c6c8f8d,Artificial Intelligence and legal issues,Politecnico di Milano,Computer Science,computer science
course_de95f53dfe026d89,Classification Analysis,University of Colorado Boulder,Data Science,data science
course_deb4c6afa20a8f80,Valuing nature and people to inform business decision-making,Capitals Coalition,Business,business
course_df29f901018e6532,Introduction to Agile Development and Scrum,IBM,Computer Science,computer science
course_df7cb00e659ff990,Making Your First Virtual Reality Game,University of London,Computer Science,computer science
course_df95b76a6dfecfde,Impact Measurement & Management for the SDGs,Duke University,Business,business
course_dfc867f46de54afe,"Introduction to TensorFlow for Artificial Intelligence, Machine Learning, and Deep Learning",DeepLearning.AI,Computer Science,computer science
course_dfc8ad35769961c1,Software Development Processes and Methodologies,University of Minnesota,Computer Science,computer science
course_dfd90507307fef2f,Operations Research (2): Optimization Algorithms,National Taiwan University,Computer Science,computer science
course_dfdc258c13089843,Managing Machine Learning Projects with Google Cloud,Google Cloud,Data Science,data science
course_dfdc258c13089843,Managing Machine Learning Projects with Google Cloud,Google Cloud,Information Technology,information technology
course_dfdf4d0b55158da6,.Net Full Stack Foundation,Board Infinity,Computer Science,computer science
course_dff8d4d0abf400d4,VLSI CAD Part II: Layout,University of Illinois Urbana-Champaign,Computer Science,computer science
course_e00e1396fea3d111,Introduction to Data Analysis Using Excel,Rice University,Data Science,data science
course_e00e1396fea3d111,Introduction to Data Analysis Using Excel,Rice University,Information Technology,information technology
course_e05f1426ca9cacef,Understanding Financial Markets,University of Geneva,Business,business
course_e062acffdb094e47,Financing and Investing in Infrastructure,Università Bocconi,Business,business
course_e0a02ae65cbd0efe,Amazon Bedrock - Getting Started with Generative AI,Amazon Web Services,Data Science,data science
course_e0b34aa5b3e72f89,Get Started with Python,Google,Data Science,data science
course_e0b34aa5b3e72f89,Get Started with Python,Google,Information Technology,information technology
course_e0e3fbc10edd3f13,Advanced Deep Learning Methods for Healthcare,University of Illinois Urbana-Champaign,Data Science,data science
course_e0e3fbc10edd3f13,Advanced Deep Learning Methods for Healthcare,University of Illinois Urbana-Champaign,Information Technology,information technology
course_e1066dcc90460f3c,The Nuts and Bolts of Machine Learning,Google,Data Science,data science
course_e1066dcc90460f3c,The Nuts and Bolts of Machine Learning,Google,Information Technology,information technology
course_e12dbcb5986bb84c,Professional Selling: Step 2 - Prepare Like a High-Performer,Kennesaw State University,Business,business
course_e12f6f71ea1a3f82,MBA Essentials,University of Glasgow,Business,business
course_e134ff1d80e39af6,Business Statistics and Analysis Capstone,Rice University,Data Science,data science
course_e134ff1d80e39af6,Business Statistics and Analysis Capstone,Rice University,Information Technology,information technology
course_e1433286b92cf371,AI-Enhanced Content Creation:Elevate Copywriting with Humata,Coursera Instructor Network,Data Science,data science
course_e17419ff16e65954,ChatGPT + Zapier: Automate Email Replies with AI,Vanderbilt University,Data Science,data science
course_e17419ff16e65954,ChatGPT + Zapier: Automate Email Replies with AI,Vanderbilt University,Information Technology,information technology
course_e20d68fea4f6be22,Advanced Portfolio Construction and Analysis with Python,EDHEC Business School,Business,business
course_e247c84f143be02f,Introduction to HTML5,University of Michigan,Computer Science,computer science
course_e2487c324d9f4b9f,The Data Scientist’s Toolbox,Johns Hopkins University,Data Science,data science
course_e2487c324d9f4b9f,The Data Scientist’s Toolbox,Johns Hopkins University,Information Technology,information technology
course_e253d35e416d6443,Scrum Master Certification: Scaling Agile and the Team-of-Teams,LearnQuest,Computer Science,computer science
course_e2c210b06e631e72,Decision-Making and Scenarios,University of Pennsylvania,Business,business
course_e2d18f0b5836559e,Data Engineering in AWS,Whizlabs,Data Science,data science
course_e31c4361b6bb839a,Construction Scheduling,Columbia University,Business,business
course_e32165c76f903897,Data Visualization with Tableau,Board Infinity,Data Science,data science
course_e3344c8bec619188,Introduction to Financial Engineering and Risk Management,Columbia University,Business,business
course_e342aa9d448f6b24,Agile Project Management,University of Colorado Boulder,Business,business
course_e363e565f46dff10,Introduction to Machine Learning in Sports Analytics,University of Michigan,Data Science,data science
course_e36685275b383b43,Clinical Natural Language Processing,University of Colorado System,Data Science,data science
course_e36d367b79388073,Probabilistic Graphical Models 3: Learning,Stanford University,Data Science,data science
course_e36d367b79388073,Probabilistic Graphical Models 3: Learning,Stanford University,Information Technology,information technology
course_e389fe21495d3106,"Virtualization, Docker, and Kubernetes for Data Engineering",Duke University,Data Science,data science
course_e389fe21495d3106,"Virtualization, Docker, and Kubernetes for Data Engineering",Duke University,Information Technology,information technology
course_e3c0af2dec529ffd,A Crash Course in Data Science,Johns Hopkins University,Data Science,data science
course_e3c0af2dec529ffd,A Crash Course in Data Science,Johns Hopkins University,Information Technology,information technology
course_e3e2ad7a99061be6,Generative AI: Enhance your Data Analytics Career,IBM,Data Science,data science
course_e3e2ad7a99061be6,Generative AI: Enhance your Data Analytics Career,IBM,Information Technology,information technology
course_e3f23db8b9adc295,Azure Infrastructure Fundamentals,LearnQuest,Computer Science,computer science
course_e4020438101f790b,Launch Your Online Business,The State University of New York,Business,business
course_e46d77225f0751b3,Machine Learning Operations (MLOps): Getting Started,Google Cloud,Data Science,data science
course_e46d77225f0751b3,Machine Learning Operations (MLOps): Getting Started,Google Cloud,Information Technology,information technology
course_e48aa843b6557931,Social Media Content and Strategy,Adobe,Business,business
course_e4db92be2238e2b3,Foundations of Retail Media,Amazon Ads,Business,business
course_e54086cf3d4faa29,GenerativeAI for Customer Success,Coursera Instructor Network,Data Science,data science
course_e54086cf3d4faa29,GenerativeAI for Customer Success,Coursera Instructor Network,Information Technology,information technology
course_e55a770166d49d8c,AI Workflow: AI in Production,IBM,Data Science,data science
course_e58b23911fc6e479,Algorithmic Thinking (Part 1),Rice University,Computer Science,computer science
course_e61826ddbec11f79,Data Science Project: MATLAB for the Real World,MathWorks,Data Science,data science
course_e63cf869eb4ca5c2,The Power of Statistics,Google,Data Science,data science
course_e63cf869eb4ca5c2,The Power of Statistics,Google,Information Technology,information technology
course_e652b82365d0d7db,IBM COBOL Core,IBM,Computer Science,computer science
course_e657635918f59979,Advanced Linear Models for Data Science 2: Statistical Linear Models,Johns Hopkins University,Data Science,data science
course_e691cc50f3af0c65,Supply Chain Planning,"University of California, Irvine",Business,business
course_e697780a8f36ee7a,Cryptocurrency and Blockchain: An Introduction to Digital Currencies,University of Pennsylvania,Business,business
course_e6b3ecc85e6c3cff,International Business I,University of New Mexico,Business,business
course_e6d79b3c644b8297,Big Data Modeling and Management Systems,University of California San Diego,Data Science,data science
course_e6d79b3c644b8297,Big Data Modeling and Management Systems,University of California San Diego,Information Technology,information technology
course_e6d8d5046ca6691f,Leadership in 21st Century Organizations,Copenhagen Business School,Business,business
course_e74583e7d83c3090,High Stakes Leadership: Leading in Times of Crisis,University of Michigan,Business,business
course_e793a2425e9e7e47,"Extract, Transform and Load Data in Power BI",Microsoft,Data Science,data science
course_e793a2425e9e7e47,"Extract, Transform and Load Data in Power BI",Microsoft,Information Technology,information technology
course_e7ad8cc19fc1bde1,Input and Interaction,University of California San Diego,Computer Science,computer science
course_e7ba9b0eddb52b4b,FinTech Law and Policy,Duke University,Business,business
course_e7df860ae765a5e2,Object Oriented Programming in Java,University of California San Diego,Computer Science,computer science
course_e7e48cbd348b2d11,Global Financing Solutions  (by EDHEC and Société Générale),EDHEC Business School,Business,business
course_e7f26a4500b476cc,Assets in Accounting,Intuit,Business,business
course_e7f5aed9dff43e7b,"Excel/VBA for Creative Problem Solving, Part 2",University of Colorado Boulder,Computer Science,computer science
course_e7f62453bb842d29,"Reports, Dashboards, and Customer Success in Salesforce",Salesforce,Business,business
course_e7f85a8de38b1bd8,Entrepreneurship 4: Financing and Profitability,University of Pennsylvania,Business,business
course_e8030ee1ab6f0d21,Foundations of Business Intelligence,Google,Data Science,data science
course_e8030ee1ab6f0d21,Foundations of Business Intelligence,Google,Information Technology,information technology
course_e8345b57f655ba25,"Responsive Website Basics: Code with HTML, CSS, and JavaScript",University of London,Computer Science,computer science
course_e8414308488c16dc,Supply Chain Sourcing,Rutgers the State University of New Jersey,Business,business
course_e857e5bc4762421c,Data Science for Business Innovation,EIT Digital,Data Science,data science
course_e857e5bc4762421c,Data Science for Business Innovation,EIT Digital,Information Technology,information technology
course_e86a78f0bfd7d9d8,Introduction to Computer Programming,University of London,Computer Science,computer science
course_e88017dc6fa33a68,Modern Regression Analysis in R,University of Colorado Boulder,Data Science,data science
course_e88017dc6fa33a68,Modern Regression Analysis in R,University of Colorado Boulder,Information Technology,information technology
course_e8a613d414b82a6f,Managerial Economics: Buyer and Seller Behavior,Illinois Tech,Business,business
course_e8b9bf2cd676e62e,Black-box and White-box Testing,University of Minnesota,Computer Science,computer science
course_e91cee4708267d76,Work Smarter with Microsoft Excel,Microsoft,Business,business
course_e921e7d478822332,Improving Your Statistical Questions,Eindhoven University of Technology,Data Science,data science
course_e9221298b3f116cb,Product Management Essentials,"University of Maryland, College Park",Business,business
course_e9404c643e50aa82,Perform data science with Azure Databricks,Microsoft,Computer Science,computer science
course_e9421840042f1c5c,Cyber Attack Countermeasures,New York University,Computer Science,computer science
course_e9533c7fa4655f19,An Introduction to Consumer Neuroscience & Neuromarketing,Copenhagen Business School,Business,business
course_e960cfd05a76fa1e,Sales Fundamentals,Keller Williams,Business,business
course_e97661c663217a66,Arm Cortex-M Processors Overview,Arm,Computer Science,computer science
course_ea50ddf79e3dc9be,Supply Chain Management: A Learning Perspective,Korea Advanced Institute of Science and Technology(KAIST),Business,business
course_ea637bfd015ca181,Trees and Graphs: Basics,University of Colorado Boulder,Computer Science,computer science
course_ea8aec28c2a3f15f,"Applied Plotting, Charting & Data Representation in Python",University of Michigan,Data Science,data science
course_ea8aec28c2a3f15f,"Applied Plotting, Charting & Data Representation in Python",University of Michigan,Information Technology,information technology
course_eab50ca7c31c4d5d,Verbal Communications and Presentation Skills,Starweaver,Business,business
course_eac1ad3470c65f87,Excel Skills for Business: Essentials,Macquarie University,Business,business
course_eaf50a5b31bc7665,Advanced Deep Learning Techniques for Computer Vision,MathWorks,Data Science,data science
course_eaf50a5b31bc7665,Advanced Deep Learning Techniques for Computer Vision,MathWorks,Information Technology,information technology
course_eb0d0084c5c184a0,Getting started with TensorFlow 2,Imperial College London,Data Science,data science
course_eb3f30ae1dc3e1d0,Introduction to Data Analytics for Accounting Professionals,Association of International Certified Professional Accountants,Data Science,data science
course_eb3f30ae1dc3e1d0,Introduction to Data Analytics for Accounting Professionals,Association of International Certified Professional Accountants,Information Technology,information technology
course_eb7ed2c06032f997,Assess for Success: Marketing Analytics and Measurement,Google,Business,business
course_eb8739907e0341f4,Computational Social Science Capstone Project,"University of California, Davis",Data Science,data science
course_ebf224ec64eca2d4,Advanced React,Meta,Computer Science,computer science
course_ec2847cfb0db238f,Intro to Improving the Patient Experience Through Analytics,Northeastern University,Business,business
course_ec29c730ce1e3636,Exploratory Data Analysis in AWS,Whizlabs,Data Science,data science
course_ec41cbfc33b670fa,Oracle SQL Proficiency,LearnQuest,Computer Science,computer science
course_ec6595c49cc8dc9e,Fundamentals of AI Agents Using RAG and LangChain,IBM,Data Science,data science
course_ec6595c49cc8dc9e,Fundamentals of AI Agents Using RAG and LangChain,IBM,Information Technology,information technology
course_ec6f51c5a7b34bd2,"Shortest Paths Revisited, NP-Complete Problems and What To Do About Them",Stanford University,Computer Science,computer science
course_ec7a4e68ee95d027,Peer-to-Peer Protocols and Local Area Networks,University of Colorado System,Computer Science,computer science
course_ecdf1d2b91e2e2e6,Employee Relations,HRCI,Business,business
course_edb39172d5e52425,AI Applications in Marketing and Finance,University of Pennsylvania,Business,business
course_edf0e474d59ab6cc,Architecting with Google Kubernetes Engine: Production,Google Cloud,Computer Science,computer science
course_ee14a5ae9a786368,"Everyday Excel, Part 3 (Projects)",University of Colorado Boulder,Computer Science,computer science
course_ee30ead1417e4c2e,Engineering Project Management: Initiating and Planning,Rice University,Business,business
course_eebf64d9f0efb0ec,HTML and CSS in depth,Meta,Computer Science,computer science
course_eebfe21f526ca048,GenAI for Business Intelligence Analysts,Coursera Instructor Network,Data Science,data science
course_eec502755dd25729,"Work Smarter, Not Harder: Time Management for Personal & Professional Productivity","University of California, Irvine",Business,business
course_eef110cc4d7610d1,Version Control,Meta,Computer Science,computer science
course_ef4e487a55297400,GenAI in Social Media Marketing,Meta,Business,business
course_ef8679a0697e1b7d,Statistical Analysis Fundamentals using Excel,IBM,Data Science,data science
course_ef8679a0697e1b7d,Statistical Analysis Fundamentals using Excel,IBM,Information Technology,information technology
course_efba7a06a16c0ab9,Increasing Real Estate Management Profits: Harnessing Data Analytics,Duke University,Data Science,data science
course_efba7a06a16c0ab9,Increasing Real Estate Management Profits: Harnessing Data Analytics,Duke University,Information Technology,information technology
course_efd4bdef20fff962,Continuous Integration & Continuous Deployment with Jenkins,LearnKartS,Computer Science,computer science
course_f02c1d45917eb332,Java Servlet Pages (JSPs),LearnQuest,Computer Science,computer science
course_f086df32473c52b2,Ordered Data Structures,University of Illinois Urbana-Champaign,Computer Science,computer science
course_f0a6d0225a4b2bc0,User Experience: Research & Prototyping,University of California San Diego,Computer Science,computer science
course_f0d1a5fafb8d7d53,Introduction to Supply Chain Finance & Blockchain Technology,New York Institute of Finance,Business,business
course_f0fc17d808516f46,A Business Approach to Sustainable Landscape Restoration,Erasmus University Rotterdam,Business,business
course_f0fec4701f47e3c3,"Federal Taxation I: Individuals, Employees, and Sole Proprietors",University of Illinois Urbana-Champaign,Business,business
course_f12159e9b3994612,Success with Integrity: Business Ethics Foundation,Coursera Instructor Network,Business,business
course_f12f319b4bc5ef03,Secure your Cloud Data,Microsoft,Computer Science,computer science
course_f13262c9c940ce29,Design and Build a Data Warehouse for Business Intelligence Implementation,University of Colorado System,Data Science,data science
course_f186817e187662f8,Data intelligence for businesses and managers,Institut Mines-Télécom,Data Science,data science
course_f186817e187662f8,Data intelligence for businesses and managers,Institut Mines-Télécom,Information Technology,information technology
course_f1ba218199bfd0de,Renewable Energy and Green Building Entrepreneurship,Duke University,Business,business
course_f23c4148200b15d2,Cybersecurity for Everyone,"University of Maryland, College Park",Computer Science,computer science
course_f24777724bdb1395,Corporate Strategy,University of London,Business,business
course_f2a172394b5285f9,Introduction to Business Analytics,Tableau Learning Partner,Data Science,data science
course_f2a172394b5285f9,Introduction to Business Analytics,Tableau Learning Partner,Information Technology,information technology
course_f2c6a8424acc47a3,Business Analytics Capstone,University of Pennsylvania,Data Science,data science
course_f2c6a8424acc47a3,Business Analytics Capstone,University of Pennsylvania,Information Technology,information technology
course_f2c99486e0540504,Generative AI: Unleash Your Project Management Potential,SkillUp EdTech,Computer Science,computer science
course_f2df04686307455e,C++ Basics: Selection and Iteration,Codio,Computer Science,computer science
course_f31a9504a0e2d449,"Spark, Hadoop, and Snowflake for Data Engineering",Duke University,Data Science,data science
course_f31a9504a0e2d449,"Spark, Hadoop, and Snowflake for Data Engineering",Duke University,Information Technology,information technology
course_f34013b956ae08f1,Introduction to Negotiation: A Strategic Playbook for Becoming a Principled and Persuasive Negotiator,Yale University,Business,business
course_f3632af1183b15cc,Motion Planning for Self-Driving Cars,University of Toronto,Computer Science,computer science
course_f377f42c0066f829,The Raspberry Pi Platform and Python Programming for the Raspberry Pi,"University of California, Irvine",Computer Science,computer science
course_f3bde51cfc578fad,Introduction to Programming and Animation with Alice,Duke University,Computer Science,computer science
course_f3d75def78b994c6,Sales Training: Techniques for a Human-Centric Sales Process,HubSpot Academy,Business,business
course_f3f43f24ef0ef9ce,Building a Data Science Team,Johns Hopkins University,Data Science,data science
course_f3f43f24ef0ef9ce,Building a Data Science Team,Johns Hopkins University,Information Technology,information technology
course_f40dbfe0d369f310,Introduction to Computer Vision and Image Processing,IBM,Data Science,data science
course_f40dbfe0d369f310,Introduction to Computer Vision and Image Processing,IBM,Information Technology,information technology
course_f4567abcd6c8f817,Hospitality Luxury Brand Management,Starweaver,Business,business
course_f463454478d2566c,Clinical Data Models and Data Quality Assessments,University of Colorado System,Data Science,data science
course_f463454478d2566c,Clinical Data Models and Data Quality Assessments,University of Colorado System,Information Technology,information technology
course_f464a5311b3e8d54,Machine Learning in the Enterprise,Google Cloud,Data Science,data science
course_f464a5311b3e8d54,Machine Learning in the Enterprise,Google Cloud,Information Technology,information technology
course_f49a5b14b161897a,Get Started with Android App Development,SkillUp EdTech,Computer Science,computer science
course_f4a0cf60e6c6166c,Consulting Approach to Problem Solving,Emory University,Business,business
course_f4a615f2c67817de,Analyze Data to Answer Questions,Google,Data Science,data science
course_f4a615f2c67817de,Analyze Data to Answer Questions,Google,Information Technology,information technology
course_f4b21cc92b3a0bf5,Payroll and Tax Fundamentals,"Automatic Data Processing, Inc. (ADP)",Business,business
course_f4b4de390990db08,Strategy Formulation,Copenhagen Business School,Business,business
course_f4cc01b53e544e16,Trustworthy Generative AI,Vanderbilt University,Data Science,data science
course_f4cc01b53e544e16,Trustworthy Generative AI,Vanderbilt University,Information Technology,information technology
course_f4e5b79cdd4ecbbe,Bookkeeping Basics,Intuit,Business,business
course_f50d2d045719fd5e,SQL for Data Science,"University of California, Davis",Data Science,data science
course_f50d2d045719fd5e,SQL for Data Science,"University of California, Davis",Information Technology,information technology
course_f5136313c1613e17,Generative AI: Introduction and Applications,IBM,Data Science,data science
course_f5136313c1613e17,Generative AI: Introduction and Applications,IBM,Information Technology,information technology
course_f53657413ad4bf15,Learn JavaScript,Scrimba,Computer Science,computer science
course_f53d5ee36026c59c,Blockchain Security,Infosec,Computer Science,computer science
course_f563164669dd70e8,Integrating Generative AI into Project Management,Vanderbilt University,Data Science,data science
course_f563164669dd70e8,Integrating Generative AI into Project Management,Vanderbilt University,Information Technology,information technology
course_f5a31293fa6fe394,ESG Impact: Investor Perspective,University of Pennsylvania,Business,business
course_f600dd524463da62,Data Visualization in R with ggplot2,Johns Hopkins University,Data Science,data science
course_f600dd524463da62,Data Visualization in R with ggplot2,Johns Hopkins University,Information Technology,information technology
course_f63ef115aacc068d,"Introduction to Trading, Machine Learning & GCP",Google Cloud,Data Science,data science
course_f63ef115aacc068d,"Introduction to Trading, Machine Learning & GCP",Google Cloud,Information Technology,information technology
course_f649fd11f05269e4,Introduction to Corporate Finance,University of Pennsylvania,Business,business
course_f65f4e2fd8d1382d,Negotiation skills: Negotiate and resolve conflict,Macquarie University,Business,business
course_f674b7e4478d3c6b,Financial Analysis of Scenarios and Decisions,University of Illinois Urbana-Champaign,Business,business
course_f69a57e3d9fef64b,Exploratory Data Analysis with MATLAB,MathWorks,Data Science,data science
course_f69a57e3d9fef64b,Exploratory Data Analysis with MATLAB,MathWorks,Information Technology,information technology
course_f6da7089a84ad252,Six Sigma Advanced Analyze Phase,Kennesaw State University,Business,business
course_f6e9c4875fa61cc2,Operational Risk Management: Frameworks & Strategies,New York Institute of Finance,Business,business
course_f75653b69c2370a5,Developing AI Applications on Azure,LearnQuest,Data Science,data science
course_f75653b69c2370a5,Developing AI Applications on Azure,LearnQuest,Information Technology,information technology
course_f7927b6af32a5ea8,Introduction to Predictive Modeling,University of Minnesota,Data Science,data science
course_f7b1e6e6a0a17c26,Publishing Visualizations in R with Shiny and flexdashboard,Johns Hopkins University,Data Science,data science
course_f7b1e6e6a0a17c26,Publishing Visualizations in R with Shiny and flexdashboard,Johns Hopkins University,Information Technology,information technology
course_f82db050a0d975bd,Cybersecurity Identity and Access Solutions with Azure AD,Microsoft,Computer Science,computer science
course_f8697900d10693a3,Project: Generative AI Applications with RAG and LangChain,IBM,Data Science,data science
course_f8697900d10693a3,Project: Generative AI Applications with RAG and LangChain,IBM,Information Technology,information technology
course_f87ec7157c27eabb,Application Security for Developers and DevOps Professionals,IBM,Computer Science,computer science
course_f88854349bb67d9d,The Path to Insights: Data Models and Pipelines,Google,Data Science,data science
course_f88854349bb67d9d,The Path to Insights: Data Models and Pipelines,Google,Information Technology,information technology
course_f8a2c31b02cf3f1b,Convolutional Neural Networks in TensorFlow,DeepLearning.AI,Data Science,data science
course_f8a2c31b02cf3f1b,Convolutional Neural Networks in TensorFlow,DeepLearning.AI,Information Technology,information technology
course_f8b2d4086e5991a2,Payroll & HR Management,Tally Education and Distribution Services Private Limited,Business,business
course_f8d4fcbf02b6eac4,Data Mining Pipeline,University of Colorado Boulder,Data Science,data science
course_f8d4fcbf02b6eac4,Data Mining Pipeline,University of Colorado Boulder,Information Technology,information technology
course_f8f76495f6521a24,Introduction to Virtual Reality,University of London,Computer Science,computer science
course_f97dcc05991ed604,Introduction to the Tidyverse,Johns Hopkins University,Data Science,data science
course_f97dcc05991ed604,Introduction to the Tidyverse,Johns Hopkins University,Information Technology,information technology
course_f98c046718631961,Fundamentals of International Business,University of London,Business,business
course_f99619725937f866,Foundations of strategic business analytics,ESSEC Business School,Business,business
course_f9993985471945ff,"ChatGPT for Project Management: Execution, Tracking, Success",Vanderbilt University,Business,business
course_f9a412ef810377c0,Network Analysis for Marketing Analytics,University of Colorado Boulder,Data Science,data science
course_f9baee2d55ef840f,Programming with Scratch,The Hong Kong University of Science and Technology,Computer Science,computer science
course_f9d3bde369c2cb49,Retail Marketing Strategy,University of Pennsylvania,Business,business
course_fa12d8397bddc4ce,Manage Resources in Azure,Microsoft,Computer Science,computer science
course_fa28ff0e94e04160,Automotive Industrial Engineering,Starweaver,Business,business
course_fa2d880238f2d112,Play It Safe: Manage Security Risks,Google,Computer Science,computer science
course_fa4a6e67ebd4b138,Build Better Generative Adversarial Networks (GANs),DeepLearning.AI,Data Science,data science
course_fa4a6e67ebd4b138,Build Better Generative Adversarial Networks (GANs),DeepLearning.AI,Information Technology,information technology
course_fa4d828100205689,Competitive Strategy,Ludwig-Maximilians-Universität München (LMU),Business,business
course_fa69c9a55c3cc3c8,Technologies and platforms for Artificial Intelligence,Politecnico di Milano,Computer Science,computer science
course_faef8fbe7b991c5a,Blockchain: Foundations and Use Cases,ConsenSys Academy,Computer Science,computer science
course_faf892df2b322858,Building Strategic Foresight Capabilities,EDHEC Business School,Business,business
course_fbadb85732d5778a,Statistics for Data Science with Python,IBM,Data Science,data science
course_fbadb85732d5778a,Statistics for Data Science with Python,IBM,Information Technology,information technology
course_fbcfd4c63a6c4043,Generative Pre-trained Transformers (GPT),University of Glasgow,Data Science,data science
course_fbcfd4c63a6c4043,Generative Pre-trained Transformers (GPT),University of Glasgow,Information Technology,information technology
course_fbf2738a800e5989,Evaluating User Interfaces,University of Minnesota,Computer Science,computer science
course_fc2b8dcc3aa1b23f,"Programming Languages, Part B",University of Washington,Computer Science,computer science
course_fc3ee1250e4ebca9,Artificial Intelligence for Breast Cancer Detection,Johns Hopkins University,Data Science,data science
course_fc3ee1250e4ebca9,Artificial Intelligence for Breast Cancer Detection,Johns Hopkins University,Information Technology,information technology
course_fc42a04cab729ef8,Creative Designing in Power BI,Microsoft,Data Science,data science
course_fc42a04cab729ef8,Creative Designing in Power BI,Microsoft,Information Technology,information technology
course_fc72a5d48ef2028e,"Programming Languages, Part A",University of Washington,Computer Science,computer science
course_fcc7f8e8af02104d,Using Git for Distributed Development,The Linux Foundation,Computer Science,computer science
course_fce5348c5b3e0829,Spring - Ecosystem and Core,LearnQuest,Computer Science,computer science
course_fd3f2ff8daea6dd0,AI Applications in People Management,University of Pennsylvania,Data Science,data science
course_fd3f2ff8daea6dd0,AI Applications in People Management,University of Pennsylvania,Information Technology,information technology
course_fd544166e26abc7d,Building and Training Neural Networks with PyTorch,Packt,Computer Science,computer science
course_fd5ab2a884a0810b,Introduction to Machine Learning: Supervised Learning,University of Colorado Boulder,Data Science,data science
course_fd5ab2a884a0810b,Introduction to Machine Learning: Supervised Learning,University of Colorado Boulder,Information Technology,information technology
course_fd9f1763778130c7,Statistical Inference,Johns Hopkins University,Data Science,data science
course_fd9f1763778130c7,Statistical Inference,Johns Hopkins University,Information Technology,information technology
course_fd9f5bb9aa3e75f8,Introduction to C# Programming and Unity,University of Colorado System,Computer Science,computer science
course_fdb1fd9357535e36,Supply Chain Principles,Georgia Institute of Technology,Business,business
course_fdc749e5f37435f6,Excel Skills for Business: Advanced,Macquarie University,Business,business
course_fdec1c3f8c5b9484,Development of Real-Time Systems,EIT Digital,Computer Science,computer science
course_fdf36d577a10d494,Building Web Applications in Django,University of Michigan,Computer Science,computer science
course_fe06adc5a35c2a1a,Developing Data Products,Johns Hopkins University,Data Science,data science
course_fe06adc5a35c2a1a,Developing Data Products,Johns Hopkins University,Information Technology,information technology
course_fe485e456c7ef39f,Modeling in AWS,Whizlabs,Data Science,data science
course_fe7e5684fab489b7,An Introduction to Programming using Python,University of Leeds,Computer Science,computer science
course_fea5378817ecb2b4,Generative AI Language Modeling with Transformers,IBM,Data Science,data science
course_fea5378817ecb2b4,Generative AI Language Modeling with Transformers,IBM,Information Technology,information technology
course_fec3882e86c8ed53,Diversity and inclusion in the workplace,ESSEC Business School,Business,business
course_fecc9e4133bd6886,Hiring Practices,"University of California, Irvine",Business,business
course_ff0a6dc3fa49a730,Linux Tools for Developers,The Linux Foundation,Computer Science,computer science
course_ff22045edd1b0df3,More C++ Programming and Unreal,University of Colorado System,Computer Science,computer science
course_ffa40984de4d8fcf,Machine Learning Implementation and Operations in AWS,Whizlabs,Data Science,data science
course_ffcd49305c468891,Cyber Incident Response,Infosec,Computer Science,computer science
course_ffd86aa752e2ec28,How to Describe Data,University of Michigan,Data Science,data science
course_ffdc648ac4722469,Continuous Integration and Continuous Delivery (CI/CD),IBM,Computer Science,computer science
